Id,ActivityDate,TotalSteps,Calories,VeryActiveMinutes,Powody,created_at
8378563200,2025-06-02 21:41:43,3246,1882,65,dużo kalorii,2025-06-02T22:03:28.613071
2320127002,2025-06-02 21:41:44,0,1324,0,brak aktywności,2025-06-02T22:03:28.647256
4702921684,2025-06-02 21:41:46,6670,2848,15,dużo kalorii,2025-06-02T22:03:28.703346
3372868164,2025-06-02 21:41:47,5861,1878,20,dużo kalorii,2025-06-02T22:03:28.757798
2235841730,2025-06-02 21:41:50,23613,1909,61,dużo kroków; dużo kalorii,2025-06-02T22:03:28.814642
8253242879,2025-06-02 21:41:51,0,1429,0,brak aktywności,2025-06-02T22:03:28.867458
8583815059,2025-06-02 21:41:59,3159,2462,0,dużo kalorii; brak aktywności,2025-06-02T22:03:28.938686
5577150313,2025-06-02 21:42:00,11080,3765,83,dużo kalorii,2025-06-02T22:03:28.993273
1644430081,2025-06-02 21:42:02,8046,2925,18,dużo kalorii,2025-06-02T22:03:29.056566
6290855005,2025-06-02 21:42:04,0,2060,0,dużo kalorii; brak aktywności,2025-06-02T22:03:29.114433
1844505072,2025-06-02 21:42:06,0,1347,0,brak aktywności,2025-06-02T22:03:29.175991
4020332650,2025-06-02 21:42:07,5351,3338,15,dużo kalorii,2025-06-02T22:03:29.215470
7086361926,2025-06-02 21:42:08,7478,2439,25,dużo kalorii,2025-06-02T22:03:29.264119
5577150313,2025-06-02 21:42:09,4363,2486,8,dużo kalorii,2025-06-02T22:03:29.320634
6962181067,2025-06-02 21:42:13,12010,2158,38,dużo kalorii,2025-06-02T22:03:29.376503
3127356533,2025-06-02 21:42:14,24700,1369,41,dużo kroków,2025-06-02T22:03:29.440657
5577150313,2025-06-02 21:42:15,14873,4430,202,dużo kalorii,2025-06-02T22:03:29.483562
4702921684,2025-06-02 21:42:19,6499,2677,0,dużo kalorii; brak aktywności,2025-06-02T22:03:29.526526
8877689391,2025-06-02 21:42:20,27572,4220,116,dużo kroków; dużo kalorii,2025-06-02T22:03:29.563188
4057192912,2025-06-02 21:42:21,3434,2101,1,dużo kalorii,2025-06-02T22:03:29.625491
2873212765,2025-06-02 21:42:22,8432,1953,0,dużo kalorii; brak aktywności,2025-06-02T22:03:29.686471
5790906107,2025-06-02 21:42:28,23591,1440,145,dużo kroków,2025-06-02T22:03:29.733185
6290855005,2025-06-02 21:42:30,0,2060,0,dużo kalorii; brak aktywności,2025-06-02T22:03:29.788712
4057192912,2025-06-02 21:42:34,8426,2360,2,dużo kalorii,2025-06-02T22:03:29.850750
1624580081,2025-06-02 21:42:35,1556,1327,0,brak aktywności,2025-06-02T22:03:29.907760
4020332650,2025-06-02 21:42:36,8778,3348,0,dużo kalorii; brak aktywności,2025-06-02T22:03:29.947200
4020332650,2025-06-02 21:42:37,6662,3162,0,dużo kalorii; brak aktywności,2025-06-02T22:03:29.991613
4558609924,2025-06-02 21:42:38,3183,1680,0,brak aktywności,2025-06-02T22:03:30.042433
2320127002,2025-06-02 21:42:40,6999,1950,0,dużo kalorii; brak aktywności,2025-06-02T22:03:30.093186
7007744171,2025-06-02 21:42:46,10146,2700,1,dużo kalorii,2025-06-02T22:03:30.147338
2026352035,2025-06-02 21:42:47,2308,1330,0,brak aktywności,2025-06-02T22:03:30.207489
5553957443,2025-06-02 21:42:48,15444,2249,51,dużo kalorii,2025-06-02T22:03:30.267802
8877689391,2025-06-02 21:42:49,24136,4039,87,dużo kroków; dużo kalorii,2025-06-02T22:03:30.331514
4476008305,2025-06-02 21:42:50,23428,1219,70,dużo kroków,2025-06-02T22:03:30.383065
5764039639,2025-06-02 21:42:51,24155,836,116,dużo kroków,2025-06-02T22:03:30.433390
4057192912,2025-06-02 21:42:56,0,1776,0,brak aktywności,2025-06-02T22:03:30.475174
6117666160,2025-06-02 21:42:57,12409,2694,0,dużo kalorii; brak aktywności,2025-06-02T22:03:30.517168
1503960366,2025-06-02 21:42:59,11004,1819,33,dużo kalorii,2025-06-02T22:03:30.563377
8877689391,2025-06-02 21:43:01,18700,3527,67,dużo kalorii,2025-06-02T22:03:30.612906
2347167796,2025-06-02 21:43:02,15459,2438,51,dużo kalorii,2025-06-02T22:03:30.689308
9454753853,2025-06-02 21:43:04,22807,379,101,dużo kroków,2025-06-02T22:03:30.757376
1927972279,2025-06-02 21:43:06,2523,2443,0,dużo kalorii; brak aktywności,2025-06-02T22:03:30.827193
4445114986,2025-06-02 21:43:07,278,745,0,brak aktywności,2025-06-02T22:03:30.885255
1644430081,2025-06-02 21:43:10,1329,489,0,brak aktywności,2025-06-02T22:03:30.947310
1503960366,2025-06-02 21:43:15,10970,1820,30,dużo kalorii,2025-06-02T22:03:31.013152
4445114986,2025-06-02 21:43:17,6667,2335,24,dużo kalorii,2025-06-02T22:03:31.088595
8847477159,2025-06-02 21:43:18,22153,1628,96,dużo kroków,2025-06-02T22:03:31.153292
2782220911,2025-06-02 21:43:19,17642,1882,117,dużo kalorii,2025-06-02T22:03:31.218492
2143332893,2025-06-02 21:43:24,13842,2000,123,dużo kalorii,2025-06-02T22:03:31.285095
4388161847,2025-06-02 21:43:25,0,1878,0,dużo kalorii; brak aktywności,2025-06-02T22:03:31.348836
3977333714,2025-06-02 21:43:26,4499,1288,0,brak aktywności,2025-06-02T22:03:31.388333
4020332650,2025-06-02 21:43:28,6581,3032,0,dużo kalorii; brak aktywności,2025-06-02T22:03:31.428859
1844505072,2025-06-02 21:43:31,5316,1824,0,dużo kalorii; brak aktywności,2025-06-02T22:03:31.487286
4020332650,2025-06-02 21:43:32,8778,3348,0,dużo kalorii; brak aktywności,2025-06-02T22:03:31.538628
6391747486,2025-06-02 21:43:33,0,1820,0,dużo kalorii; brak aktywności,2025-06-02T22:03:31.589009
4851082428,2025-06-02 21:43:34,14941,1997,151,dużo kalorii,2025-06-02T22:03:31.637560
4057192912,2025-06-02 21:43:36,0,1776,0,brak aktywności,2025-06-02T22:03:31.703344
8453288734,2025-06-02 21:43:37,22105,1263,164,dużo kroków,2025-06-02T22:03:31.768585
1644430081,2025-06-02 21:43:38,11166,3202,3,dużo kalorii,2025-06-02T22:03:31.835498
2022484408,2025-06-02 21:43:39,15313,2581,62,dużo kalorii,2025-06-02T22:03:31.883982
8253242879,2025-06-02 21:43:43,0,1429,0,brak aktywności,2025-06-02T22:03:31.939715
2873212765,2025-06-02 21:43:44,14103,2257,46,dużo kalorii,2025-06-02T22:03:32.003053
4558609924,2025-06-02 21:43:45,6263,1906,0,dużo kalorii; brak aktywności,2025-06-02T22:03:32.068993
4445114986,2025-06-02 21:43:46,3271,2133,0,dużo kalorii; brak aktywności,2025-06-02T22:03:32.128260
1844505072,2025-06-02 21:43:47,6344,1965,0,dużo kalorii; brak aktywności,2025-06-02T22:03:32.191127
2347167796,2025-06-02 21:43:48,10114,2096,18,dużo kalorii,2025-06-02T22:03:32.262636
3372868164,2025-06-02 21:43:53,5861,1878,20,dużo kalorii,2025-06-02T22:03:32.333019
4445114986,2025-06-02 21:43:55,5406,2317,0,dużo kalorii; brak aktywności,2025-06-02T22:03:32.388883
2320127002,2025-06-02 21:43:58,2098,790,0,brak aktywności,2025-06-02T22:03:32.438637
4020332650,2025-06-02 21:43:59,6880,2966,7,dużo kalorii,2025-06-02T22:03:32.492973
2873212765,2025-06-02 21:44:00,890,1335,0,brak aktywności,2025-06-02T22:03:32.537292
2347167796,2025-06-02 21:44:01,10209,2104,2,dużo kalorii,2025-06-02T22:03:32.589007
5444008960,2025-06-02 21:44:02,24747,1341,12,dużo kroków,2025-06-02T22:03:32.637332
2026352035,2025-06-02 21:44:03,5142,1515,0,brak aktywności,2025-06-02T22:03:32.698341
4020332650,2025-06-02 21:44:04,2106,4010,31,dużo kalorii,2025-06-02T22:03:32.766697
6633319647,2025-06-02 21:44:06,22219,1125,151,dużo kroków,2025-06-02T22:03:32.839470
6117666160,2025-06-02 21:44:07,12409,2694,0,dużo kalorii; brak aktywności,2025-06-02T22:03:32.903271
7007744171,2025-06-02 21:44:08,14100,2840,61,dużo kalorii,2025-06-02T22:03:32.948918
4057192912,2025-06-02 21:44:09,5561,2296,0,dużo kalorii; brak aktywności,2025-06-02T22:03:33.003243
8877689391,2025-06-02 21:44:12,28497,4526,128,dużo kroków; dużo kalorii,2025-06-02T22:03:33.055421
4702921684,2025-06-02 21:44:13,7810,2931,6,dużo kalorii,2025-06-02T22:03:33.118585
6673394459,2025-06-02 21:44:21,22373,1134,55,dużo kroków,2025-06-02T22:03:33.183230
5764039639,2025-06-02 21:44:22,24155,836,116,dużo kroków,2025-06-02T22:03:33.246978
8877689391,2025-06-02 21:44:24,24136,4039,87,dużo kroków; dużo kalorii,2025-06-02T22:03:33.316766
4445114986,2025-06-02 21:44:31,6625,2424,0,dużo kalorii; brak aktywności,2025-06-02T22:03:33.369295
1444219334,2025-06-02 21:44:33,8479,1902,90,dużo kalorii,2025-06-02T22:03:33.420503
4319703577,2025-06-02 21:44:37,8223,2178,12,dużo kalorii,2025-06-02T22:03:33.467465
4057192912,2025-06-02 21:44:38,5137,2293,0,dużo kalorii; brak aktywności,2025-06-02T22:03:33.518635
4057192912,2025-06-02 21:44:39,0,1777,0,brak aktywności,2025-06-02T22:03:33.563239
2347167796,2025-06-02 21:44:40,10254,2099,21,dużo kalorii,2025-06-02T22:03:33.607877
2347167796,2025-06-02 21:44:43,10001,2009,5,dużo kalorii,2025-06-02T22:03:33.658260
2891001357,2025-06-02 21:44:45,0,1920,0,dużo kalorii; brak aktywności,2025-06-02T22:03:33.707261
9030861289,2025-06-02 21:44:47,3605,1929,63,dużo kalorii,2025-06-02T22:03:33.775341
1624580081,2025-06-02 21:44:48,2910,1452,0,brak aktywności,2025-06-02T22:03:33.823206
5572982177,2025-06-02 21:44:49,23447,1989,144,dużo kroków; dużo kalorii,2025-06-02T22:03:33.872955
4057192912,2025-06-02 21:44:50,7,1787,0,brak aktywności,2025-06-02T22:03:33.920622
7086361926,2025-06-02 21:44:52,11463,2496,38,dużo kalorii,2025-06-02T22:03:33.973693
9454753853,2025-06-02 21:44:53,22807,379,101,dużo kroków,2025-06-02T22:03:34.025125
2873212765,2025-06-02 21:44:57,7640,1845,3,dużo kalorii,2025-06-02T22:03:34.078235
6962181067,2025-06-02 21:44:58,18952,2437,73,dużo kalorii,2025-06-02T22:03:34.129536
4108952803,2025-06-02 21:44:59,13871,1938,12,dużo kalorii,2025-06-02T22:03:34.175578
8053475328,2025-06-02 21:45:00,17078,3176,101,dużo kalorii,2025-06-02T22:03:34.238342
1503960366,2025-06-02 21:45:02,13231,1932,39,dużo kalorii,2025-06-02T22:03:34.293143
1644430081,2025-06-02 21:45:04,20237,4029,34,dużo kalorii,2025-06-02T22:03:34.347144
5553957443,2025-06-02 21:45:05,12252,2044,33,dużo kalorii,2025-06-02T22:03:34.418854
1503960366,2025-06-02 21:45:07,12041,1886,28,dużo kalorii,2025-06-02T22:03:34.473910
2891001357,2025-06-02 21:45:08,0,1920,0,dużo kalorii; brak aktywności,2025-06-02T22:03:34.536826
6962181067,2025-06-02 21:45:09,12010,2158,38,dużo kalorii,2025-06-02T22:03:34.593059
2347167796,2025-06-02 21:45:12,10209,2104,2,dużo kalorii,2025-06-02T22:03:34.651498
8053475328,2025-06-02 21:45:14,11693,2790,60,dużo kalorii,2025-06-02T22:03:34.723172
4558609924,2025-06-02 21:45:16,6799,1876,24,dużo kalorii,2025-06-02T22:03:34.789421
6348112740,2025-06-02 21:45:20,24751,1824,76,dużo kroków; dużo kalorii,2025-06-02T22:03:34.873243
4020332650,2025-06-02 21:45:21,4370,3444,0,dużo kalorii; brak aktywności,2025-06-02T22:03:34.939915
8378563200,2025-06-02 21:45:25,9152,3304,25,dużo kalorii,2025-06-02T22:03:34.993239
8583815059,2025-06-02 21:45:26,3159,2462,0,dużo kalorii; brak aktywności,2025-06-02T22:03:35.065197
8378563200,2025-06-02 21:45:27,14179,3669,73,dużo kalorii,2025-06-02T22:03:35.117624
1624580081,2025-06-02 21:45:29,1552,1300,0,brak aktywności,2025-06-02T22:03:35.183057
1503960366,2025-06-02 21:45:32,17609,2154,89,dużo kalorii,2025-06-02T22:03:35.243175
4020332650,2025-06-02 21:45:34,7428,3439,18,dużo kalorii,2025-06-02T22:03:35.307482
1644430081,2025-06-02 21:45:35,2819,2444,4,dużo kalorii,2025-06-02T22:03:35.379221
5577150313,2025-06-02 21:45:36,14873,4430,202,dużo kalorii,2025-06-02T22:03:35.443031
6348112740,2025-06-02 21:45:41,24751,1824,76,dużo kroków; dużo kalorii,2025-06-02T22:03:35.502895
1503960366,2025-06-02 21:45:42,17609,2154,89,dużo kalorii,2025-06-02T22:03:35.571135
4462992883,2025-06-02 21:45:44,24518,1898,78,dużo kroków; dużo kalorii,2025-06-02T22:03:35.644803
4702921684,2025-06-02 21:45:48,11135,3224,1,dużo kalorii,2025-06-02T22:03:35.707157
4057192912,2025-06-02 21:45:49,5137,2293,0,dużo kalorii; brak aktywności,2025-06-02T22:03:35.773125
6117666160,2025-06-02 21:45:51,8955,2482,0,dużo kalorii; brak aktywności,2025-06-02T22:03:35.837240
2026352035,2025-06-02 21:45:53,5142,1515,0,brak aktywności,2025-06-02T22:03:35.903374
4319703577,2025-06-02 21:45:54,8405,2154,15,dużo kalorii,2025-06-02T22:03:35.979365
2026352035,2025-06-02 21:45:56,3180,1421,0,brak aktywności,2025-06-02T22:03:36.047216
7007744171,2025-06-02 21:45:57,14100,2840,61,dużo kalorii,2025-06-02T22:03:36.119751
1624580081,2025-06-02 21:45:58,9218,1541,0,brak aktywności,2025-06-02T22:03:36.173111
6117666160,2025-06-02 21:45:59,10789,2617,0,dużo kalorii; brak aktywności,2025-06-02T22:03:36.229070
4702921684,2025-06-02 21:46:00,6585,2822,0,dużo kalorii; brak aktywności,2025-06-02T22:03:36.293140
4746679581,2025-06-02 21:46:02,4052,1982,172,dużo kalorii,2025-06-02T22:03:36.358996
7425606409,2025-06-02 21:46:05,24417,687,73,dużo kroków,2025-06-02T22:03:36.423374
2022484408,2025-06-02 21:46:06,10106,2568,41,dużo kalorii,2025-06-02T22:03:36.483269
1844505072,2025-06-02 21:46:10,6847,1969,9,dużo kalorii,2025-06-02T22:03:36.546565
4083089159,2025-06-02 21:46:12,23988,1508,2,dużo kroków,2025-06-02T22:03:36.610765
1571357421,2025-06-02 21:46:15,24927,438,7,dużo kroków,2025-06-02T22:03:36.679139
4020332650,2025-06-02 21:46:16,4299,2892,3,dużo kalorii,2025-06-02T22:03:36.737636
1644430081,2025-06-02 21:46:17,9921,3098,5,dużo kalorii,2025-06-02T22:03:36.796890
8253242879,2025-06-02 21:46:18,0,1429,0,brak aktywności,2025-06-02T22:03:36.873025
1624580081,2025-06-02 21:46:19,1905,1342,0,brak aktywności,2025-06-02T22:03:36.933014
3468282806,2025-06-02 21:46:21,9645,1973,141,dużo kalorii,2025-06-02T22:03:37.013214
4445114986,2025-06-02 21:46:22,6667,2335,24,dużo kalorii,2025-06-02T22:03:37.087466
2565640386,2025-06-02 21:46:23,22450,2000,59,dużo kroków; dużo kalorii,2025-06-02T22:03:37.163219
1644430081,2025-06-02 21:46:24,2819,2444,4,dużo kalorii,2025-06-02T22:03:37.248682
1624580081,2025-06-02 21:46:28,1111,1278,0,brak aktywności,2025-06-02T22:03:37.308062
1644430081,2025-06-02 21:46:29,7842,2928,7,dużo kalorii,2025-06-02T22:03:37.390535
4580540337,2025-06-02 21:46:31,18603,1817,124,dużo kalorii,2025-06-02T22:03:37.469220
2320127002,2025-06-02 21:46:33,2277,1530,0,brak aktywności,2025-06-02T22:03:37.531588
8583815059,2025-06-02 21:46:34,2174,2360,0,dużo kalorii; brak aktywności,2025-06-02T22:03:37.573294
8877689391,2025-06-02 21:46:35,2350,938,0,brak aktywności,2025-06-02T22:03:37.618557
1844505072,2025-06-02 21:46:36,5430,1888,0,dużo kalorii; brak aktywności,2025-06-02T22:03:37.672990
9490406475,2025-06-02 21:46:38,17906,1845,163,dużo kalorii,2025-06-02T22:03:37.719531
1712735738,2025-06-02 21:46:40,8095,1991,79,dużo kalorii,2025-06-02T22:03:37.773027
2320127002,2025-06-02 21:46:41,2098,790,0,brak aktywności,2025-06-02T22:03:37.821631
4020332650,2025-06-02 21:46:44,1951,1980,0,dużo kalorii; brak aktywności,2025-06-02T22:03:37.867979
3459235132,2025-06-02 21:46:48,18109,1976,20,dużo kalorii,2025-06-02T22:03:37.918224
5017749887,2025-06-02 21:46:51,22733,500,148,dużo kroków,2025-06-02T22:03:37.976722
5613552317,2025-06-02 21:46:52,22746,1739,22,dużo kroków,2025-06-02T22:03:38.020381
4121188076,2025-06-02 21:46:54,23818,1779,22,dużo kroków,2025-06-02T22:03:38.061384
7007744171,2025-06-02 21:46:55,11680,2573,50,dużo kalorii,2025-06-02T22:03:38.108688
2840416546,2025-06-02 21:46:56,3387,1832,31,dużo kalorii,2025-06-02T22:03:38.160521
4020332650,2025-06-02 21:46:57,4152,2976,0,dużo kalorii; brak aktywności,2025-06-02T22:03:38.222853
8877689391,2025-06-02 21:46:58,18700,3527,67,dużo kalorii,2025-06-02T22:03:38.310529
6117666160,2025-06-02 21:46:59,12409,2694,0,dużo kalorii; brak aktywności,2025-06-02T22:03:38.356414
6117666160,2025-06-02 21:47:01,19658,2884,3,dużo kalorii,2025-06-02T22:03:38.402951
6391747486,2025-06-02 21:47:02,0,1820,0,dużo kalorii; brak aktywności,2025-06-02T22:03:38.448837
5577150313,2025-06-02 21:47:04,4363,2486,8,dużo kalorii,2025-06-02T22:03:38.523044
1624580081,2025-06-02 21:47:08,3572,1370,0,brak aktywności,2025-06-02T22:03:38.611978
4020332650,2025-06-02 21:47:09,7144,3510,0,dużo kalorii; brak aktywności,2025-06-02T22:03:38.682066
2873212765,2025-06-02 21:47:11,7350,1910,0,dużo kalorii; brak aktywności,2025-06-02T22:03:38.744154
4702921684,2025-06-02 21:47:13,6506,2886,4,dużo kalorii,2025-06-02T22:03:38.795747
5017749887,2025-06-02 21:47:16,22733,500,148,dużo kroków,2025-06-02T22:03:38.839289
1267735108,2025-06-02 21:47:21,24450,1202,17,dużo kroków,2025-06-02T22:03:38.897199
5577150313,2025-06-02 21:47:22,7401,3492,70,dużo kalorii,2025-06-02T22:03:38.948639
4319703577,2025-06-02 21:47:24,8144,2129,4,dużo kalorii,2025-06-02T22:03:39.016418
2347167796,2025-06-02 21:47:25,10078,2164,12,dużo kalorii,2025-06-02T22:03:39.068078
5553957443,2025-06-02 21:47:26,9938,2019,38,dużo kalorii,2025-06-02T22:03:39.153050
6775888955,2025-06-02 21:47:29,0,1841,0,dużo kalorii; brak aktywności,2025-06-02T22:03:39.263807
6117666160,2025-06-02 21:47:30,8468,2262,2,dużo kalorii,2025-06-02T22:03:39.328945
4057192912,2025-06-02 21:47:33,0,1776,0,brak aktywności,2025-06-02T22:03:39.381609
4020332650,2025-06-02 21:47:34,5543,2990,0,dużo kalorii; brak aktywności,2025-06-02T22:03:39.439532
1644430081,2025-06-02 21:47:36,1329,489,0,brak aktywności,2025-06-02T22:03:39.512868
4558609924,2025-06-02 21:47:37,3183,1680,0,brak aktywności,2025-06-02T22:03:39.582216
4020332650,2025-06-02 21:47:38,4370,3444,0,dużo kalorii; brak aktywności,2025-06-02T22:03:39.644093
4083089159,2025-06-02 21:47:41,23988,1508,2,dużo kroków,2025-06-02T22:03:39.728434
8792009665,2025-06-02 21:47:42,8452,3004,9,dużo kalorii,2025-06-02T22:03:39.782945
1503960366,2025-06-02 21:47:44,12521,1895,46,dużo kalorii,2025-06-02T22:03:39.828031
1624580081,2025-06-02 21:47:45,10000,1469,0,brak aktywności,2025-06-02T22:03:39.882868
1571357421,2025-06-02 21:47:47,24927,438,7,dużo kroków,2025-06-02T22:03:39.937427
2873212765,2025-06-02 21:47:48,7497,1741,0,brak aktywności,2025-06-02T22:03:39.984623
9030861289,2025-06-02 21:47:52,3605,1929,63,dużo kalorii,2025-06-02T22:03:40.049465
1503960366,2025-06-02 21:47:55,12262,1868,47,dużo kalorii,2025-06-02T22:03:40.113567
7746407206,2025-06-02 21:47:59,23137,892,73,dużo kroków,2025-06-02T22:03:40.181495
5577150313,2025-06-02 21:48:00,8964,3597,107,dużo kalorii,2025-06-02T22:03:40.227267
1155416565,2025-06-02 21:48:01,13744,1904,73,dużo kalorii,2025-06-02T22:03:40.278299
2873212765,2025-06-02 21:48:02,7497,1741,0,brak aktywności,2025-06-02T22:03:40.332857
4307034204,2025-06-02 21:48:03,24205,728,50,dużo kroków,2025-06-02T22:03:40.372891
5821622245,2025-06-02 21:48:04,11447,2000,158,dużo kalorii,2025-06-02T22:03:40.432784
7007744171,2025-06-02 21:48:05,14100,2840,61,dużo kalorii,2025-06-02T22:03:40.478602
5830407640,2025-06-02 21:48:07,7695,1985,12,dużo kalorii,2025-06-02T22:03:40.536347
4746931853,2025-06-02 21:48:10,18549,1986,121,dużo kalorii,2025-06-02T22:03:40.588773
6962181067,2025-06-02 21:48:11,14097,2188,50,dużo kalorii,2025-06-02T22:03:40.632871
3404576946,2025-06-02 21:48:12,23308,1755,37,dużo kroków,2025-06-02T22:03:40.681410
4020332650,2025-06-02 21:48:13,7428,3439,18,dużo kalorii,2025-06-02T22:03:40.737629
2873212765,2025-06-02 21:48:14,9713,2046,6,dużo kalorii,2025-06-02T22:03:40.798324
6290855005,2025-06-02 21:48:16,0,2060,0,dużo kalorii; brak aktywności,2025-06-02T22:03:40.877726
7086361926,2025-06-02 21:48:18,7352,2233,19,dużo kalorii,2025-06-02T22:03:40.953158
3372868164,2025-06-02 21:48:19,4706,1816,0,dużo kalorii; brak aktywności,2025-06-02T22:03:41.017337
2320127002,2025-06-02 21:48:20,2277,1530,0,brak aktywności,2025-06-02T22:03:41.078579
7086361926,2025-06-02 21:48:22,7478,2439,25,dużo kalorii,2025-06-02T22:03:41.146516
4057192912,2025-06-02 21:48:23,2275,2005,0,dużo kalorii; brak aktywności,2025-06-02T22:03:41.200637
8053475328,2025-06-02 21:48:24,10118,2684,30,dużo kalorii,2025-06-02T22:03:41.264288
5444008960,2025-06-02 21:48:25,24747,1341,12,dużo kroków,2025-06-02T22:03:41.319617
4445114986,2025-06-02 21:48:26,4804,2227,0,dużo kalorii; brak aktywności,2025-06-02T22:03:41.367426
1844505072,2025-06-02 21:48:27,7,1349,0,brak aktywności,2025-06-02T22:03:41.413621
6775888955,2025-06-02 21:48:28,11761,3920,24,dużo kalorii,2025-06-02T22:03:41.459182
1624580081,2025-06-02 21:48:30,1985,1350,0,brak aktywności,2025-06-02T22:03:41.513120
4020332650,2025-06-02 21:48:32,4370,3444,0,dużo kalorii; brak aktywności,2025-06-02T22:03:41.583335
6117666160,2025-06-02 21:48:33,7444,2210,0,dużo kalorii; brak aktywności,2025-06-02T22:03:41.679118
2022484408,2025-06-02 21:48:34,10106,2568,41,dużo kalorii,2025-06-02T22:03:41.749354
4445114986,2025-06-02 21:48:36,4804,2227,0,dużo kalorii; brak aktywności,2025-06-02T22:03:41.808170
4269650099,2025-06-02 21:48:37,9134,1992,154,dużo kalorii,2025-06-02T22:03:41.872196
4247281465,2025-06-02 21:48:39,23741,666,161,dużo kroków,2025-06-02T22:03:41.937520
2026352035,2025-06-02 21:48:40,3762,1425,0,brak aktywności,2025-06-02T22:03:42.007328
2022484408,2025-06-02 21:48:41,10005,2458,1,dużo kalorii,2025-06-02T22:03:42.062871
8792009665,2025-06-02 21:48:42,2332,2100,1,dużo kalorii,2025-06-02T22:03:42.120388
4057192912,2025-06-02 21:48:44,5137,2293,0,dużo kalorii; brak aktywności,2025-06-02T22:03:42.191083
8792009665,2025-06-02 21:48:45,7238,2667,2,dużo kalorii,2025-06-02T22:03:42.250458
8253242879,2025-06-02 21:48:47,0,1429,0,brak aktywności,2025-06-02T22:03:42.393164
2026352035,2025-06-02 21:48:48,3180,1421,0,brak aktywności,2025-06-02T22:03:42.551119
2320127002,2025-06-02 21:48:49,4931,1708,0,brak aktywności,2025-06-02T22:03:42.701130
4051819960,2025-06-02 21:48:50,24876,1193,137,dużo kroków,2025-06-02T22:03:42.775653
4083089159,2025-06-02 21:48:51,23988,1508,2,dużo kroków,2025-06-02T22:03:42.836619
6117666160,2025-06-02 21:48:53,12409,2694,0,dużo kalorii; brak aktywności,2025-06-02T22:03:42.896576
1503960366,2025-06-02 21:48:55,12432,1883,32,dużo kalorii,2025-06-02T22:03:42.953430
6962181067,2025-06-02 21:48:56,12010,2158,38,dużo kalorii,2025-06-02T22:03:43.013158
4558609924,2025-06-02 21:48:57,8828,2149,0,dużo kalorii; brak aktywności,2025-06-02T22:03:43.072973
4388161847,2025-06-02 21:48:58,0,1878,0,dużo kalorii; brak aktywności,2025-06-02T22:03:43.131946
4020332650,2025-06-02 21:48:59,7428,3439,18,dużo kalorii,2025-06-02T22:03:43.187576
4558609924,2025-06-02 21:49:00,5668,1853,0,dużo kalorii; brak aktywności,2025-06-02T22:03:43.244784
6962181067,2025-06-02 21:49:02,12362,2188,21,dużo kalorii,2025-06-02T22:03:43.311180
3977333714,2025-06-02 21:49:03,8422,1431,0,brak aktywności,2025-06-02T22:03:43.383305
4530287959,2025-06-02 21:49:04,24783,1321,161,dużo kroków,2025-06-02T22:03:43.453216
8792009665,2025-06-02 21:49:06,4592,2260,4,dużo kalorii,2025-06-02T22:03:43.507524
2347167796,2025-06-02 21:49:07,16081,2488,16,dużo kalorii,2025-06-02T22:03:43.565211
4020332650,2025-06-02 21:49:08,7144,3510,0,dużo kalorii; brak aktywności,2025-06-02T22:03:43.616737
1449428675,2025-06-02 21:49:11,23820,1955,93,dużo kroków; dużo kalorii,2025-06-02T22:03:43.681367
7007744171,2025-06-02 21:49:12,10146,2700,1,dużo kalorii,2025-06-02T22:03:43.809872
8583815059,2025-06-02 21:49:13,6835,2786,5,dużo kalorii,2025-06-02T22:03:43.911345
4020332650,2025-06-02 21:49:17,5563,3681,0,dużo kalorii; brak aktywności,2025-06-02T22:03:43.969342
6391747486,2025-06-02 21:49:18,0,1820,0,dużo kalorii; brak aktywności,2025-06-02T22:03:44.026651
4319703577,2025-06-02 21:49:23,10067,2308,5,dużo kalorii,2025-06-02T22:03:44.076565
7086361926,2025-06-02 21:49:24,11463,2496,38,dużo kalorii,2025-06-02T22:03:44.126362
1844505072,2025-06-02 21:49:29,6344,1965,0,dużo kalorii; brak aktywności,2025-06-02T22:03:44.176459
1503960366,2025-06-02 21:49:31,10016,1850,15,dużo kalorii,2025-06-02T22:03:44.226649
7746407206,2025-06-02 21:49:32,23137,892,73,dużo kroków,2025-06-02T22:03:44.287655
1644430081,2025-06-02 21:49:36,9921,3098,5,dużo kalorii,2025-06-02T22:03:44.354202
8458599691,2025-06-02 21:49:37,23868,505,124,dużo kroków,2025-06-02T22:03:44.477355
2026352035,2025-06-02 21:49:38,3279,1405,0,brak aktywności,2025-06-02T22:03:44.581756
4851082428,2025-06-02 21:49:39,14941,1997,151,dużo kalorii,2025-06-02T22:03:44.655677
9662379610,2025-06-02 21:49:40,18679,1923,39,dużo kalorii,2025-06-02T22:03:44.714051
5613552317,2025-06-02 21:49:42,22746,1739,22,dużo kroków,2025-06-02T22:03:44.797260
4020332650,2025-06-02 21:49:43,7428,3439,18,dużo kalorii,2025-06-02T22:03:44.849253
6391747486,2025-06-02 21:49:44,0,1820,0,dużo kalorii; brak aktywności,2025-06-02T22:03:44.898251
1503960366,2025-06-02 21:49:46,14557,2030,43,dużo kalorii,2025-06-02T22:03:44.952917
4530287959,2025-06-02 21:49:49,24783,1321,161,dużo kroków,2025-06-02T22:03:45.017260
8253242879,2025-06-02 21:49:50,12026,2162,47,dużo kalorii,2025-06-02T22:03:45.081580
3929447753,2025-06-02 21:49:51,22553,1718,9,dużo kroków,2025-06-02T22:03:45.143019
4445114986,2025-06-02 21:49:52,3271,2133,0,dużo kalorii; brak aktywności,2025-06-02T22:03:45.192127
8877689391,2025-06-02 21:49:53,28497,4526,128,dużo kroków; dużo kalorii,2025-06-02T22:03:45.249641
6391747486,2025-06-02 21:49:55,0,251,0,brak aktywności,2025-06-02T22:03:45.319285
8877689391,2025-06-02 21:49:56,2350,938,0,brak aktywności,2025-06-02T22:03:45.394927
8378563200,2025-06-02 21:49:57,8350,3713,72,dużo kalorii,2025-06-02T22:03:45.467013
6180844824,2025-06-02 21:50:00,18412,1920,162,dużo kalorii,2025-06-02T22:03:45.524993
8474697308,2025-06-02 21:50:01,23950,667,46,dużo kroków,2025-06-02T22:03:45.582957
4702921684,2025-06-02 21:50:02,0,0,0,brak aktywności,2025-06-02T22:03:45.648263
1571357421,2025-06-02 21:50:04,24927,438,7,dużo kroków,2025-06-02T22:03:45.713291
3845562544,2025-06-02 21:50:05,12853,1597,0,brak aktywności,2025-06-02T22:03:45.863312
9228851764,2025-06-02 21:50:06,13696,1194,0,brak aktywności,2025-06-02T22:03:45.954865
3977333714,2025-06-02 21:50:07,759,182,0,brak aktywności,2025-06-02T22:03:46.034344
4445114986,2025-06-02 21:50:11,2422,1935,0,dużo kalorii; brak aktywności,2025-06-02T22:03:46.094440
1503960366,2025-06-02 21:50:15,14557,2030,43,dużo kalorii,2025-06-02T22:03:46.160706
1503960366,2025-06-02 21:50:17,11248,1843,40,dużo kalorii,2025-06-02T22:03:46.215546
1624580081,2025-06-02 21:50:18,1810,1373,0,brak aktywności,2025-06-02T22:03:46.278894
5553957443,2025-06-02 21:50:19,12409,2142,51,dużo kalorii,2025-06-02T22:03:46.339321
8378563200,2025-06-02 21:50:22,2631,2624,0,dużo kalorii; brak aktywności,2025-06-02T22:03:46.380174
2235841730,2025-06-02 21:50:24,23613,1909,61,dużo kroków; dużo kalorii,2025-06-02T22:03:46.431621
1503960366,2025-06-02 21:50:25,12432,1883,32,dużo kalorii,2025-06-02T22:03:46.481495
8378563200,2025-06-02 21:50:30,2240,2606,0,dużo kalorii; brak aktywności,2025-06-02T22:03:46.530066
5229424010,2025-06-02 21:50:33,21977,1877,2,dużo kalorii,2025-06-02T22:03:46.580744
8792009665,2025-06-02 21:50:38,2332,2100,1,dużo kalorii,2025-06-02T22:03:46.630591
1503960366,2025-06-02 21:50:40,12041,1886,28,dużo kalorii,2025-06-02T22:03:46.686469
8053475328,2025-06-02 21:50:41,290,791,0,brak aktywności,2025-06-02T22:03:46.745575
3044569271,2025-06-02 21:50:43,22646,582,94,dużo kroków,2025-06-02T22:03:46.807193
5294530293,2025-06-02 21:50:45,23457,1627,105,dużo kroków,2025-06-02T22:03:46.865260
2320127002,2025-06-02 21:50:46,6999,1950,0,dużo kalorii; brak aktywności,2025-06-02T22:03:46.918853
2891001357,2025-06-02 21:50:48,4126,2881,0,dużo kalorii; brak aktywności,2025-06-02T22:03:46.976422
5764039639,2025-06-02 21:50:49,24155,836,116,dużo kroków,2025-06-02T22:03:47.040687
4020332650,2025-06-02 21:50:51,4152,2976,0,dużo kalorii; brak aktywności,2025-06-02T22:03:47.098708
8053475328,2025-06-02 21:50:52,11693,2790,60,dużo kalorii,2025-06-02T22:03:47.157600
5790906107,2025-06-02 21:50:56,23591,1440,145,dużo kroków,2025-06-02T22:03:47.236698
4280408336,2025-06-02 21:50:57,23032,1092,58,dużo kroków,2025-06-02T22:03:47.309021
6288218364,2025-06-02 21:50:59,23654,465,84,dużo kroków,2025-06-02T22:03:47.378193
1624580081,2025-06-02 21:51:00,1111,1278,0,brak aktywności,2025-06-02T22:03:47.445267
8792009665,2025-06-02 21:51:04,178,1725,0,brak aktywności,2025-06-02T22:03:47.514194
5553957443,2025-06-02 21:51:05,1515,1481,0,brak aktywności,2025-06-02T22:03:47.578190
6117666160,2025-06-02 21:51:07,7444,2210,0,dużo kalorii; brak aktywności,2025-06-02T22:03:47.642034
2347167796,2025-06-02 21:51:08,11107,2058,14,dużo kalorii,2025-06-02T22:03:47.697190
6962181067,2025-06-02 21:51:09,12480,2170,55,dużo kalorii,2025-06-02T22:03:47.754252
8253242879,2025-06-02 21:51:11,1931,1607,0,brak aktywności,2025-06-02T22:03:47.811468
6180844824,2025-06-02 21:51:12,18412,1920,162,dużo kalorii,2025-06-02T22:03:47.879173
9458524442,2025-06-02 21:51:14,21809,1938,21,dużo kalorii,2025-06-02T22:03:47.932696
1624580081,2025-06-02 21:51:15,3572,1370,0,brak aktywności,2025-06-02T22:03:48.005119
1844505072,2025-06-02 21:51:18,5367,1889,0,dużo kalorii; brak aktywności,2025-06-02T22:03:48.068933
5553957443,2025-06-02 21:51:19,12252,2044,33,dużo kalorii,2025-06-02T22:03:48.138414
4057192912,2025-06-02 21:51:20,0,1776,0,brak aktywności,2025-06-02T22:03:48.211509
8456218682,2025-06-02 21:51:21,14832,1809,36,dużo kalorii,2025-06-02T22:03:48.274517
3977333714,2025-06-02 21:51:23,759,182,0,brak aktywności,2025-06-02T22:03:48.331083
6117666160,2025-06-02 21:51:24,8468,2262,2,dużo kalorii,2025-06-02T22:03:48.393864
5225622741,2025-06-02 21:51:30,23751,574,145,dużo kroków,2025-06-02T22:03:48.453719
1712735738,2025-06-02 21:51:31,8095,1991,79,dużo kalorii,2025-06-02T22:03:48.518772
1503960366,2025-06-02 21:51:32,11004,1819,33,dużo kalorii,2025-06-02T22:03:48.580381
4057192912,2025-06-02 21:51:34,1650,1952,0,dużo kalorii; brak aktywności,2025-06-02T22:03:48.639742
6290855005,2025-06-02 21:51:35,0,2060,0,dużo kalorii; brak aktywności,2025-06-02T22:03:48.691327
4961221722,2025-06-02 21:51:37,11715,1840,118,dużo kalorii,2025-06-02T22:03:48.749428
8378563200,2025-06-02 21:51:38,3246,1882,65,dużo kalorii,2025-06-02T22:03:48.807468
4702921684,2025-06-02 21:51:40,11135,3224,1,dużo kalorii,2025-06-02T22:03:48.870062
2646557558,2025-06-02 21:51:47,11740,1842,50,dużo kalorii,2025-06-02T22:03:48.946363
1503960366,2025-06-02 21:51:48,11248,1843,40,dużo kalorii,2025-06-02T22:03:49.014519
3044569271,2025-06-02 21:51:50,22646,582,94,dużo kroków,2025-06-02T22:03:49.085641
7007744171,2025-06-02 21:51:51,10976,2575,9,dużo kalorii,2025-06-02T22:03:49.143741
8877689391,2025-06-02 21:51:55,24136,4039,87,dużo kroków; dużo kalorii,2025-06-02T22:03:49.195348
4445114986,2025-06-02 21:51:57,2303,2010,0,dużo kalorii; brak aktywności,2025-06-02T22:03:49.260064
4020332650,2025-06-02 21:51:58,2106,4010,31,dużo kalorii,2025-06-02T22:03:49.347582
4319703577,2025-06-02 21:51:59,5643,1958,3,dużo kalorii,2025-06-02T22:03:49.406926
4057192912,2025-06-02 21:52:03,0,1776,0,brak aktywności,2025-06-02T22:03:49.454146
5577150313,2025-06-02 21:52:05,9917,3427,58,dużo kalorii,2025-06-02T22:03:49.508212
4020332650,2025-06-02 21:52:07,1951,1980,0,dużo kalorii; brak aktywności,2025-06-02T22:03:49.557343
4051819960,2025-06-02 21:52:08,24876,1193,137,dużo kroków,2025-06-02T22:03:49.602063
4388161847,2025-06-02 21:52:12,0,1878,0,dużo kalorii; brak aktywności,2025-06-02T22:03:49.663223
2599981863,2025-06-02 21:52:13,17001,1983,132,dużo kalorii,2025-06-02T22:03:49.724699
4455926063,2025-06-02 21:52:15,8511,1949,110,dużo kalorii,2025-06-02T22:03:49.811043
2873212765,2025-06-02 21:52:16,890,1335,0,brak aktywności,2025-06-02T22:03:49.863503
1624580081,2025-06-02 21:52:20,1810,1373,0,brak aktywności,2025-06-02T22:03:49.915073
4020332650,2025-06-02 21:52:21,7734,3264,20,dużo kalorii,2025-06-02T22:03:49.961475
6588455252,2025-06-02 21:52:22,17127,535,0,brak aktywności,2025-06-02T22:03:50.027275
1444219334,2025-06-02 21:52:23,8479,1902,90,dużo kalorii,2025-06-02T22:03:50.078432
1503960366,2025-06-02 21:52:26,10016,1850,15,dużo kalorii,2025-06-02T22:03:50.131790
8792009665,2025-06-02 21:52:29,3821,2229,0,dużo kalorii; brak aktywności,2025-06-02T22:03:50.180187
4269650099,2025-06-02 21:52:31,9134,1992,154,dużo kalorii,2025-06-02T22:03:50.231177
4269650099,2025-06-02 21:52:32,9134,1992,154,dużo kalorii,2025-06-02T22:03:50.297979
1624580081,2025-06-02 21:52:33,10000,1469,0,brak aktywności,2025-06-02T22:03:50.377873
4057192912,2025-06-02 21:52:38,0,1777,0,brak aktywności,2025-06-02T22:03:50.431365
9454753853,2025-06-02 21:52:39,22807,379,101,dużo kroków,2025-06-02T22:03:50.487530
6117666160,2025-06-02 21:52:40,9910,2445,0,dużo kalorii; brak aktywności,2025-06-02T22:03:50.559923
1503960366,2025-06-02 21:52:41,12256,1889,33,dużo kalorii,2025-06-02T22:03:50.623180
8792009665,2025-06-02 21:52:42,178,1725,0,brak aktywności,2025-06-02T22:03:50.680725
4020332650,2025-06-02 21:52:46,8,446,0,brak aktywności,2025-06-02T22:03:50.743010
2022484408,2025-06-02 21:52:51,15313,2581,62,dużo kalorii,2025-06-02T22:03:50.808727
8350805076,2025-06-02 21:52:52,22179,859,32,dużo kroków,2025-06-02T22:03:50.858529
1624580081,2025-06-02 21:52:55,6627,706,0,brak aktywności,2025-06-02T22:03:50.943319
1644430081,2025-06-02 21:52:57,8046,2925,18,dużo kalorii,2025-06-02T22:03:51.020059
8583815059,2025-06-02 21:53:02,1408,1814,0,dużo kalorii; brak aktywności,2025-06-02T22:03:51.113149
3468282806,2025-06-02 21:53:03,9645,1973,141,dużo kalorii,2025-06-02T22:03:51.194372
8253242879,2025-06-02 21:53:04,0,1429,0,brak aktywności,2025-06-02T22:03:51.267435
4057192912,2025-06-02 21:53:06,8426,2360,2,dużo kalorii,2025-06-02T22:03:51.334772
1503960366,2025-06-02 21:53:07,12736,1944,56,dużo kalorii,2025-06-02T22:03:51.404976
4057192912,2025-06-02 21:53:09,0,1776,0,brak aktywności,2025-06-02T22:03:51.506958
8378563200,2025-06-02 21:53:10,2240,2606,0,dużo kalorii; brak aktywności,2025-06-02T22:03:51.584263
4497919518,2025-06-02 21:53:11,24761,1807,28,dużo kroków; dużo kalorii,2025-06-02T22:03:51.642134
4702921684,2025-06-02 21:53:15,7810,2931,6,dużo kalorii,2025-06-02T22:03:51.744684
8378563200,2025-06-02 21:53:16,3246,1882,65,dużo kalorii,2025-06-02T22:03:51.822042
8378563200,2025-06-02 21:53:17,9152,3304,25,dużo kalorii,2025-06-02T22:03:51.918680
7008404906,2025-06-02 21:53:18,22493,1837,126,dużo kroków; dużo kalorii,2025-06-02T22:03:52.227369
1624580081,2025-06-02 21:53:19,1905,1342,0,brak aktywności,2025-06-02T22:03:52.278920
6465669417,2025-06-02 21:53:21,24754,1782,154,dużo kroków,2025-06-02T22:03:52.330538
1927972279,2025-06-02 21:53:24,1209,2255,0,dużo kalorii; brak aktywności,2025-06-02T22:03:52.401599
3845562544,2025-06-02 21:53:29,12853,1597,0,brak aktywności,2025-06-02T22:03:52.464510
2347167796,2025-06-02 21:53:30,10001,2009,5,dużo kalorii,2025-06-02T22:03:52.525311
2026352035,2025-06-02 21:53:32,2767,1392,0,brak aktywności,2025-06-02T22:03:52.593125
6962181067,2025-06-02 21:53:33,12480,2170,55,dużo kalorii,2025-06-02T22:03:52.655755
1624580081,2025-06-02 21:53:36,1905,1342,0,brak aktywności,2025-06-02T22:03:52.727395
1624580081,2025-06-02 21:53:38,1004,1276,0,brak aktywności,2025-06-02T22:03:52.798261
6775888955,2025-06-02 21:53:39,0,1841,0,dużo kalorii; brak aktywności,2025-06-02T22:03:52.861574
2873212765,2025-06-02 21:53:42,890,1335,0,brak aktywności,2025-06-02T22:03:52.917156
4319703577,2025-06-02 21:53:43,10946,2341,8,dużo kalorii,2025-06-02T22:03:52.968225
1449428675,2025-06-02 21:53:46,23820,1955,93,dużo kroków; dużo kalorii,2025-06-02T22:03:53.029102
3487468795,2025-06-02 21:53:47,11831,1845,50,dużo kalorii,2025-06-02T22:03:53.085043
2347167796,2025-06-02 21:53:48,0,399,0,brak aktywności,2025-06-02T22:03:53.148925
7007744171,2025-06-02 21:53:49,13513,2811,64,dużo kalorii,2025-06-02T22:03:53.200376
2026352035,2025-06-02 21:53:50,3762,1425,0,brak aktywności,2025-06-02T22:03:53.299490
5444008960,2025-06-02 21:53:51,24747,1341,12,dużo kroków,2025-06-02T22:03:53.371524
2347167796,2025-06-02 21:53:53,8328,1935,0,dużo kalorii; brak aktywności,2025-06-02T22:03:53.440331
8792009665,2025-06-02 21:54:00,7238,2667,2,dużo kalorii,2025-06-02T22:03:53.509393
2347167796,2025-06-02 21:54:02,15459,2438,51,dużo kalorii,2025-06-02T22:03:53.573874
4558609924,2025-06-02 21:54:03,3183,1680,0,brak aktywności,2025-06-02T22:03:53.635364
4558609924,2025-06-02 21:54:07,5336,1902,0,dużo kalorii; brak aktywności,2025-06-02T22:03:53.712341
6391747486,2025-06-02 21:54:11,165,1849,0,dużo kalorii; brak aktywności,2025-06-02T22:03:53.777302
4702921684,2025-06-02 21:54:12,8184,2981,0,dużo kalorii; brak aktywności,2025-06-02T22:03:53.833741
1503960366,2025-06-02 21:54:16,12041,1886,28,dużo kalorii,2025-06-02T22:03:53.905577
4497919518,2025-06-02 21:54:17,24761,1807,28,dużo kroków; dużo kalorii,2025-06-02T22:03:53.984535
4108952803,2025-06-02 21:54:18,13871,1938,12,dużo kalorii,2025-06-02T22:03:54.064212
6117666160,2025-06-02 21:54:20,7444,2210,0,dużo kalorii; brak aktywności,2025-06-02T22:03:54.129156
6290855005,2025-06-02 21:54:23,0,2060,0,dużo kalorii; brak aktywności,2025-06-02T22:03:54.200471
2347167796,2025-06-02 21:54:27,10272,2041,2,dużo kalorii,2025-06-02T22:03:54.273232
4702921684,2025-06-02 21:54:29,6585,2822,0,dużo kalorii; brak aktywności,2025-06-02T22:03:54.347459
4558609924,2025-06-02 21:54:30,4195,1778,0,brak aktywności,2025-06-02T22:03:54.435207
8877689391,2025-06-02 21:54:31,15260,3864,106,dużo kalorii,2025-06-02T22:03:54.502896
4702921684,2025-06-02 21:54:33,6670,2848,15,dużo kalorii,2025-06-02T22:03:54.576710
5553957443,2025-06-02 21:54:34,11306,2086,40,dużo kalorii,2025-06-02T22:03:54.645107
7007744171,2025-06-02 21:54:40,10345,2613,2,dużo kalorii,2025-06-02T22:03:54.702985
2891001357,2025-06-02 21:54:43,0,1920,0,dużo kalorii; brak aktywności,2025-06-02T22:03:54.804842
8378563200,2025-06-02 21:54:44,13935,4234,105,dużo kalorii,2025-06-02T22:03:54.917505
6775888955,2025-06-02 21:54:45,14,787,0,brak aktywności,2025-06-02T22:03:55.009939
4020332650,2025-06-02 21:54:48,368,2024,0,dużo kalorii; brak aktywności,2025-06-02T22:03:55.117193
1644430081,2025-06-02 21:54:50,2819,2444,4,dużo kalorii,2025-06-02T22:03:55.218123
4445114986,2025-06-02 21:54:52,4195,2210,0,dużo kalorii; brak aktywności,2025-06-02T22:03:55.346561
4702921684,2025-06-02 21:54:53,6506,2886,4,dużo kalorii,2025-06-02T22:03:55.450444
4388161847,2025-06-02 21:54:54,0,1296,0,brak aktywności,2025-06-02T22:03:55.556526
4057192912,2025-06-02 21:54:57,5419,2259,0,dużo kalorii; brak aktywności,2025-06-02T22:03:55.631008
5553957443,2025-06-02 21:54:58,2937,1615,0,brak aktywności,2025-06-02T22:03:55.708652
8378563200,2025-06-02 21:55:01,3246,1882,65,dużo kalorii,2025-06-02T22:03:55.809568
4558609924,2025-06-02 21:55:02,7998,2235,27,dużo kalorii,2025-06-02T22:03:55.893533
2570855483,2025-06-02 21:55:04,23596,894,91,dużo kroków,2025-06-02T22:03:56.014993
4057192912,2025-06-02 21:55:05,8,1778,0,brak aktywności,2025-06-02T22:03:56.111784
4020332650,2025-06-02 21:55:06,4370,3444,0,dużo kalorii; brak aktywności,2025-06-02T22:03:56.193229
2022484408,2025-06-02 21:55:12,16267,2811,44,dużo kalorii,2025-06-02T22:03:56.275151
8877689391,2025-06-02 21:55:16,10695,2834,10,dużo kalorii,2025-06-02T22:03:56.357564
1844505072,2025-06-02 21:55:17,0,1347,0,brak aktywności,2025-06-02T22:03:56.449541
4319703577,2025-06-02 21:55:18,9043,2141,4,dużo kalorii,2025-06-02T22:03:56.526066
2022484408,2025-06-02 21:55:20,11144,2395,25,dużo kalorii,2025-06-02T22:03:56.604580
2347167796,2025-06-02 21:55:24,11107,2058,14,dużo kalorii,2025-06-02T22:03:56.678723
9458524442,2025-06-02 21:55:25,21809,1938,21,dużo kalorii,2025-06-02T22:03:56.743097
8378563200,2025-06-02 21:55:26,13935,4234,105,dużo kalorii,2025-06-02T22:03:56.820601
7086361926,2025-06-02 21:55:28,7352,2233,19,dużo kalorii,2025-06-02T22:03:56.927603
2347167796,2025-06-02 21:55:29,7485,2035,0,dużo kalorii; brak aktywności,2025-06-02T22:03:57.012984
3468282806,2025-06-02 21:55:30,9645,1973,141,dużo kalorii,2025-06-02T22:03:57.098650
7007744171,2025-06-02 21:55:31,13513,2811,64,dużo kalorii,2025-06-02T22:03:57.179211
4530287959,2025-06-02 21:55:34,24783,1321,161,dużo kroków,2025-06-02T22:03:57.259238
2026352035,2025-06-02 21:55:35,2605,1407,0,brak aktywności,2025-06-02T22:03:57.342878
8730481794,2025-06-02 21:55:37,16404,1366,0,brak aktywności,2025-06-02T22:03:57.426503
4388161847,2025-06-02 21:55:38,0,1878,0,dużo kalorii; brak aktywności,2025-06-02T22:03:57.526413
4558609924,2025-06-02 21:55:39,7998,2235,27,dużo kalorii,2025-06-02T22:03:57.615604
7899068854,2025-06-02 21:55:40,24291,1434,97,dużo kroków,2025-06-02T22:03:57.698194
8877689391,2025-06-02 21:55:41,18700,3527,67,dużo kalorii,2025-06-02T22:03:57.779497
7007744171,2025-06-02 21:55:43,10146,2700,1,dużo kalorii,2025-06-02T22:03:57.850596
7086361926,2025-06-02 21:55:44,430,625,0,brak aktywności,2025-06-02T22:03:57.907175
1927972279,2025-06-02 21:55:45,5662,2783,0,dużo kalorii; brak aktywności,2025-06-02T22:03:57.963184
5225622741,2025-06-02 21:55:46,23751,574,145,dużo kroków,2025-06-02T22:03:58.028571
5553957443,2025-06-02 21:55:47,15444,2249,51,dużo kalorii,2025-06-02T22:03:58.089686
4057192912,2025-06-02 21:55:48,0,1776,0,brak aktywności,2025-06-02T22:03:58.153469
1624580081,2025-06-02 21:55:50,2910,1452,0,brak aktywności,2025-06-02T22:03:58.219917
3831411237,2025-06-02 21:55:53,24817,802,73,dużo kroków,2025-06-02T22:03:58.290029
2873212765,2025-06-02 21:55:55,14103,2257,46,dużo kalorii,2025-06-02T22:03:58.367545
8792009665,2025-06-02 21:55:56,1467,1953,2,dużo kalorii,2025-06-02T22:03:58.420613
6117666160,2025-06-02 21:55:58,8468,2262,2,dużo kalorii,2025-06-02T22:03:58.501842
2320127002,2025-06-02 21:56:00,0,1324,0,brak aktywności,2025-06-02T22:03:58.580045
3793835334,2025-06-02 21:56:01,24625,323,176,dużo kroków,2025-06-02T22:03:58.660698
5553957443,2025-06-02 21:56:02,4599,1692,0,brak aktywności,2025-06-02T22:03:58.733926
2565640386,2025-06-02 21:56:03,22450,2000,59,dużo kroków; dużo kalorii,2025-06-02T22:03:58.823324
6775888955,2025-06-02 21:56:04,11761,3920,24,dużo kalorii,2025-06-02T22:03:58.895242
4702921684,2025-06-02 21:56:07,12116,3357,3,dużo kalorii,2025-06-02T22:03:58.983941
4746931853,2025-06-02 21:56:08,18549,1986,121,dużo kalorii,2025-06-02T22:03:59.056618
3831411237,2025-06-02 21:56:09,24817,802,73,dużo kroków,2025-06-02T22:03:59.131792
7007744171,2025-06-02 21:56:14,12168,2871,18,dużo kalorii,2025-06-02T22:03:59.208905
2026352035,2025-06-02 21:56:15,2308,1330,0,brak aktywności,2025-06-02T22:03:59.286616
3044569271,2025-06-02 21:56:17,22646,582,94,dużo kroków,2025-06-02T22:03:59.359159
8053475328,2025-06-02 21:56:18,11159,2715,59,dużo kalorii,2025-06-02T22:03:59.436616
4558609924,2025-06-02 21:56:20,5512,1882,0,dużo kalorii; brak aktywności,2025-06-02T22:03:59.505043
4083089159,2025-06-02 21:56:23,23988,1508,2,dużo kroków,2025-06-02T22:03:59.560152
2026352035,2025-06-02 21:56:24,3180,1421,0,brak aktywności,2025-06-02T22:03:59.635282
8583815059,2025-06-02 21:56:25,6835,2786,5,dużo kalorii,2025-06-02T22:03:59.703178
4445114986,2025-06-02 21:56:26,6625,2424,0,dużo kalorii; brak aktywności,2025-06-02T22:03:59.754994
4702921684,2025-06-02 21:56:28,10328,3323,0,dużo kalorii; brak aktywności,2025-06-02T22:03:59.823356
4280408336,2025-06-02 21:56:29,23032,1092,58,dużo kroków,2025-06-02T22:03:59.886406
1624580081,2025-06-02 21:56:30,6344,1409,0,brak aktywności,2025-06-02T22:03:59.960197
3977333714,2025-06-02 21:56:32,4499,1288,0,brak aktywności,2025-06-02T22:04:00.027938
2022484408,2025-06-02 21:56:34,13603,2645,72,dużo kalorii,2025-06-02T22:04:00.094305
6288218364,2025-06-02 21:56:35,23654,465,84,dużo kroków,2025-06-02T22:04:00.157250
8877689391,2025-06-02 21:56:36,24136,4039,87,dużo kroków; dużo kalorii,2025-06-02T22:04:00.219874
4020332650,2025-06-02 21:56:37,10330,3728,0,dużo kalorii; brak aktywności,2025-06-02T22:04:00.273374
4020332650,2025-06-02 21:56:38,4299,2892,3,dużo kalorii,2025-06-02T22:04:00.321634
1927972279,2025-06-02 21:56:39,768,2130,0,dużo kalorii; brak aktywności,2025-06-02T22:04:00.374401
1485076596,2025-06-02 21:56:41,24322,1294,165,dużo kroków,2025-06-02T22:04:00.434659
8053475328,2025-06-02 21:56:42,16064,3097,96,dużo kalorii,2025-06-02T22:04:00.507599
3990487560,2025-06-02 21:56:44,23700,413,79,dużo kroków,2025-06-02T22:04:00.564913
6117666160,2025-06-02 21:56:48,0,1496,0,brak aktywności,2025-06-02T22:04:00.621342
6180844824,2025-06-02 21:56:49,18412,1920,162,dużo kalorii,2025-06-02T22:04:00.677604
4319703577,2025-06-02 21:56:52,0,0,0,brak aktywności,2025-06-02T22:04:00.756576
9228851764,2025-06-02 21:56:54,13696,1194,0,brak aktywności,2025-06-02T22:04:00.826460
8253242879,2025-06-02 21:56:55,0,0,0,brak aktywności,2025-06-02T22:04:00.898238
5553957443,2025-06-02 21:56:56,8921,1892,27,dużo kalorii,2025-06-02T22:04:00.962927
3044569271,2025-06-02 21:57:05,22646,582,94,dużo kroków,2025-06-02T22:04:01.030474
1927972279,2025-06-02 21:57:08,1259,2202,0,dużo kalorii; brak aktywności,2025-06-02T22:04:01.089381
5577150313,2025-06-02 21:57:09,4363,2486,8,dużo kalorii,2025-06-02T22:04:01.159579
6775888955,2025-06-02 21:57:10,13987,3856,46,dużo kalorii,2025-06-02T22:04:01.222967
1644430081,2025-06-02 21:57:13,12912,3436,59,dużo kalorii,2025-06-02T22:04:01.285525
2347167796,2025-06-02 21:57:15,11107,2058,14,dużo kalorii,2025-06-02T22:04:01.360036
4020332650,2025-06-02 21:57:16,5702,2980,0,dużo kalorii; brak aktywności,2025-06-02T22:04:01.450145
2347167796,2025-06-02 21:57:20,15459,2438,51,dużo kalorii,2025-06-02T22:04:01.530962
5553957443,2025-06-02 21:57:21,1515,1481,0,brak aktywności,2025-06-02T22:04:01.594116
2022484408,2025-06-02 21:57:22,15392,2733,47,dużo kalorii,2025-06-02T22:04:01.657612
1624580081,2025-06-02 21:57:23,1552,1300,0,brak aktywności,2025-06-02T22:04:01.711756
3793835334,2025-06-02 21:57:24,24625,323,176,dużo kroków,2025-06-02T22:04:01.770085
6775888955,2025-06-02 21:57:26,9348,4286,56,dużo kalorii,2025-06-02T22:04:01.831279
4319703577,2025-06-02 21:57:28,9130,2236,7,dużo kalorii,2025-06-02T22:04:01.893944
1503960366,2025-06-02 21:57:29,17609,2154,89,dużo kalorii,2025-06-02T22:04:01.948334
4020332650,2025-06-02 21:57:31,6662,3162,0,dużo kalorii; brak aktywności,2025-06-02T22:04:02.009385
6962181067,2025-06-02 21:57:32,13417,2244,45,dużo kalorii,2025-06-02T22:04:02.063165
4057192912,2025-06-02 21:57:33,0,1776,0,brak aktywności,2025-06-02T22:04:02.137177
3372868164,2025-06-02 21:57:39,5861,1878,20,dużo kalorii,2025-06-02T22:04:02.202988
1844505072,2025-06-02 21:57:42,5316,1824,0,dużo kalorii; brak aktywności,2025-06-02T22:04:02.259008
1624580081,2025-06-02 21:57:43,2910,1452,0,brak aktywności,2025-06-02T22:04:02.314590
2347167796,2025-06-02 21:57:46,10001,2009,5,dużo kalorii,2025-06-02T22:04:02.368987
9888674799,2025-06-02 21:57:47,16942,1887,153,dużo kalorii,2025-06-02T22:04:02.437323
6290855005,2025-06-02 21:57:49,0,2060,0,dużo kalorii; brak aktywności,2025-06-02T22:04:02.565199
3372868164,2025-06-02 21:57:50,6406,2010,17,dużo kalorii,2025-06-02T22:04:02.621371
4558609924,2025-06-02 21:57:52,6263,1906,0,dużo kalorii; brak aktywności,2025-06-02T22:04:02.679689
2320127002,2025-06-02 21:57:53,0,1324,0,brak aktywności,2025-06-02T22:04:02.744410
1449428675,2025-06-02 21:57:55,23820,1955,93,dużo kroków; dużo kalorii,2025-06-02T22:04:02.813749
8053475328,2025-06-02 21:57:56,17167,3167,98,dużo kalorii,2025-06-02T22:04:02.879068
4020332650,2025-06-02 21:57:57,3023,2570,0,dużo kalorii; brak aktywności,2025-06-02T22:04:02.946447
2891001357,2025-06-02 21:57:59,0,1920,0,dużo kalorii; brak aktywności,2025-06-02T22:04:03.011044
2320127002,2025-06-02 21:58:00,0,1324,0,brak aktywności,2025-06-02T22:04:03.086524
7007744171,2025-06-02 21:58:02,12084,2676,50,dużo kalorii,2025-06-02T22:04:03.158493
6001968235,2025-06-02 21:58:03,24395,1072,169,dużo kroków,2025-06-02T22:04:03.221093
8253242879,2025-06-02 21:58:05,12026,2162,47,dużo kalorii,2025-06-02T22:04:03.303326
8877689391,2025-06-02 21:58:07,18700,3527,67,dużo kalorii,2025-06-02T22:04:03.403396
4445114986,2025-06-02 21:58:08,6911,2374,28,dużo kalorii,2025-06-02T22:04:03.483545
3404576946,2025-06-02 21:58:11,23308,1755,37,dużo kroków,2025-06-02T22:04:03.565626
4319703577,2025-06-02 21:58:12,5643,1958,3,dużo kalorii,2025-06-02T22:04:03.645416
4020332650,2025-06-02 21:58:13,5543,2990,0,dużo kalorii; brak aktywności,2025-06-02T22:04:03.758475
8378563200,2025-06-02 21:58:14,12846,4128,113,dużo kalorii,2025-06-02T22:04:03.831240
4020332650,2025-06-02 21:58:17,6107,3313,0,dużo kalorii; brak aktywności,2025-06-02T22:04:03.906650
6001968235,2025-06-02 21:58:18,24395,1072,169,dużo kroków,2025-06-02T22:04:03.978295
5225622741,2025-06-02 21:58:19,23751,574,145,dużo kroków,2025-06-02T22:04:04.044876
1503960366,2025-06-02 21:58:22,11004,1819,33,dużo kalorii,2025-06-02T22:04:04.114126
2022484408,2025-06-02 21:58:23,5477,2040,0,dużo kalorii; brak aktywności,2025-06-02T22:04:04.191681
5017749887,2025-06-02 21:58:25,22733,500,148,dużo kroków,2025-06-02T22:04:04.264250
4020332650,2025-06-02 21:58:28,3226,2480,0,dużo kalorii; brak aktywności,2025-06-02T22:04:04.378382
3372868164,2025-06-02 21:58:29,7625,2069,24,dużo kalorii,2025-06-02T22:04:04.448284
8583815059,2025-06-02 21:58:31,2098,2354,0,dużo kalorii; brak aktywności,2025-06-02T22:04:04.507438
2022484408,2025-06-02 21:58:32,11144,2395,25,dużo kalorii,2025-06-02T22:04:04.558364
4558609924,2025-06-02 21:58:33,6263,1906,0,dużo kalorii; brak aktywności,2025-06-02T22:04:04.623808
1624580081,2025-06-02 21:58:35,6344,1409,0,brak aktywności,2025-06-02T22:04:04.672022
8792009665,2025-06-02 21:58:37,2332,2100,1,dużo kalorii,2025-06-02T22:04:04.729726
8053475328,2025-06-02 21:58:38,20188,3377,124,dużo kalorii,2025-06-02T22:04:04.781666
2320127002,2025-06-02 21:58:39,2098,790,0,brak aktywności,2025-06-02T22:04:04.832288
5553957443,2025-06-02 21:58:40,1515,1481,0,brak aktywności,2025-06-02T22:04:04.921015
1624580081,2025-06-02 21:58:42,9218,1541,0,brak aktywności,2025-06-02T22:04:04.986455
6391747486,2025-06-02 21:58:43,165,1849,0,dużo kalorii; brak aktywności,2025-06-02T22:04:05.055338
5553957443,2025-06-02 21:58:44,8921,1892,27,dużo kalorii,2025-06-02T22:04:05.113007
1503960366,2025-06-02 21:58:46,12432,1883,32,dużo kalorii,2025-06-02T22:04:05.173749
8877689391,2025-06-02 21:58:47,10695,2834,10,dużo kalorii,2025-06-02T22:04:05.229113
2891001357,2025-06-02 21:58:49,2063,1144,0,brak aktywności,2025-06-02T22:04:05.281312
8847477159,2025-06-02 21:58:51,22153,1628,96,dużo kroków,2025-06-02T22:04:05.344038
4319703577,2025-06-02 21:58:52,10946,2341,8,dużo kalorii,2025-06-02T22:04:05.411747
4445114986,2025-06-02 21:58:53,6667,2335,24,dużo kalorii,2025-06-02T22:04:05.471445
3404576946,2025-06-02 21:58:54,23308,1755,37,dużo kroków,2025-06-02T22:04:05.532942
4269650099,2025-06-02 21:58:56,9134,1992,154,dużo kalorii,2025-06-02T22:04:05.586451
3127356533,2025-06-02 21:58:59,24700,1369,41,dużo kroków,2025-06-02T22:04:05.639874
1145779002,2025-06-02 21:59:00,22541,1040,134,dużo kroków,2025-06-02T22:04:05.710316
5553957443,2025-06-02 21:59:05,4599,1692,0,brak aktywności,2025-06-02T22:04:05.764777
4445114986,2025-06-02 21:59:09,4804,2227,0,dużo kalorii; brak aktywności,2025-06-02T22:04:05.819331
1644430081,2025-06-02 21:59:11,4636,3323,0,dużo kalorii; brak aktywności,2025-06-02T22:04:05.876753
4057192912,2025-06-02 21:59:12,0,1776,0,brak aktywności,2025-06-02T22:04:05.928898
8792009665,2025-06-02 21:59:15,2121,2114,0,dużo kalorii; brak aktywności,2025-06-02T22:04:05.989009
2646557558,2025-06-02 21:59:17,11740,1842,50,dużo kalorii,2025-06-02T22:04:06.052961
8378563200,2025-06-02 21:59:19,8837,3775,74,dużo kalorii,2025-06-02T22:04:06.109017
3831411237,2025-06-02 21:59:25,24817,802,73,dużo kroków,2025-06-02T22:04:06.178004
8877689391,2025-06-02 21:59:27,10910,2947,32,dużo kalorii,2025-06-02T22:04:06.237858
1119505002,2025-06-02 21:59:28,24125,425,88,dużo kroków,2025-06-02T22:04:06.304020
3977333714,2025-06-02 21:59:30,8422,1431,0,brak aktywności,2025-06-02T22:04:06.375373
5613552317,2025-06-02 21:59:31,22746,1739,22,dużo kroków,2025-06-02T22:04:06.450378
8642152516,2025-06-02 21:59:32,409,1835,168,dużo kalorii,2025-06-02T22:04:06.529647
3044569271,2025-06-02 21:59:34,22646,582,94,dużo kroków,2025-06-02T22:04:06.593968
6290855005,2025-06-02 21:59:39,9548,3119,25,dużo kalorii,2025-06-02T22:04:06.646367
5613552317,2025-06-02 21:59:41,22746,1739,22,dużo kroków,2025-06-02T22:04:06.695109
6391747486,2025-06-02 21:59:42,0,251,0,brak aktywności,2025-06-02T22:04:06.745791
1503960366,2025-06-02 21:59:43,12432,1883,32,dużo kalorii,2025-06-02T22:04:06.791896
2320127002,2025-06-02 21:59:44,0,1324,0,brak aktywności,2025-06-02T22:04:06.852233
9228851764,2025-06-02 21:59:45,13696,1194,0,brak aktywności,2025-06-02T22:04:06.943864
1503960366,2025-06-02 21:59:47,12521,1895,46,dużo kalorii,2025-06-02T22:04:07.021460
7007744171,2025-06-02 21:59:48,16806,3086,104,dużo kalorii,2025-06-02T22:04:07.094354
2891001357,2025-06-02 21:59:49,0,4562,0,dużo kalorii; brak aktywności,2025-06-02T22:04:07.156434
4851082428,2025-06-02 21:59:51,14941,1997,151,dużo kalorii,2025-06-02T22:04:07.223289
6290855005,2025-06-02 21:59:52,0,2060,0,dużo kalorii; brak aktywności,2025-06-02T22:04:07.298622
5577150313,2025-06-02 21:59:53,9917,3427,58,dużo kalorii,2025-06-02T22:04:07.371790
3977333714,2025-06-02 21:59:54,7618,1490,0,brak aktywności,2025-06-02T22:04:07.445118
4307034204,2025-06-02 21:59:57,24205,728,50,dużo kroków,2025-06-02T22:04:07.532468
8458599691,2025-06-02 21:59:58,23868,505,124,dużo kroków,2025-06-02T22:04:07.596655
4445114986,2025-06-02 22:00:00,5986,2297,23,dużo kalorii,2025-06-02T22:04:07.658791
1996389271,2025-06-02 22:00:04,4091,1813,79,dużo kalorii,2025-06-02T22:04:07.731477
8877689391,2025-06-02 22:00:09,10622,2820,18,dużo kalorii,2025-06-02T22:04:07.805319
4530287959,2025-06-02 22:00:11,24783,1321,161,dużo kroków,2025-06-02T22:04:07.864922
4057192912,2025-06-02 22:00:12,0,1776,0,brak aktywności,2025-06-02T22:04:07.940474
6601908457,2025-06-02 22:00:14,6317,1887,163,dużo kalorii,2025-06-02T22:04:08.010512
2022484408,2025-06-02 22:00:18,16267,2811,44,dużo kalorii,2025-06-02T22:04:08.087520
6391747486,2025-06-02 22:00:20,0,1820,0,dużo kalorii; brak aktywności,2025-06-02T22:04:08.172991
8583815059,2025-06-02 22:00:21,2816,2437,0,dużo kalorii; brak aktywności,2025-06-02T22:04:08.253882
4057192912,2025-06-02 22:00:24,5561,2296,0,dużo kalorii; brak aktywności,2025-06-02T22:04:08.358815
2290845358,2025-06-02 22:00:26,20703,1999,38,dużo kalorii,2025-06-02T22:04:08.446454
6290855005,2025-06-02 22:00:27,0,2060,0,dużo kalorii; brak aktywności,2025-06-02T22:04:08.537328
6290855005,2025-06-02 22:00:28,0,2060,0,dużo kalorii; brak aktywności,2025-06-02T22:04:08.612990
2026352035,2025-06-02 22:00:29,5142,1515,0,brak aktywności,2025-06-02T22:04:08.683028
5511644009,2025-06-02 22:00:31,618,1866,17,dużo kalorii,2025-06-02T22:04:08.750620
2022484408,2025-06-02 22:00:33,10805,2735,36,dużo kalorii,2025-06-02T22:04:08.810473
6775888955,2025-06-02 22:00:34,9348,4286,56,dużo kalorii,2025-06-02T22:04:08.892244
6117666160,2025-06-02 22:00:36,0,0,0,brak aktywności,2025-06-02T22:04:08.965377
1624580081,2025-06-02 22:00:38,6627,706,0,brak aktywności,2025-06-02T22:04:09.030989
4702921684,2025-06-02 22:00:40,6670,2848,15,dużo kalorii,2025-06-02T22:04:09.097206
4057192912,2025-06-02 22:00:41,7,1787,0,brak aktywności,2025-06-02T22:04:09.179348
5577150313,2025-06-02 22:00:42,9776,3378,80,dużo kalorii,2025-06-02T22:04:09.246430
1503960366,2025-06-02 22:00:43,12432,1883,32,dużo kalorii,2025-06-02T22:04:09.318650
6962181067,2025-06-02 22:00:44,14400,2188,27,dużo kalorii,2025-06-02T22:04:09.378818
4057192912,2025-06-02 22:00:45,8426,2360,2,dużo kalorii,2025-06-02T22:04:09.439738
4269650099,2025-06-02 22:00:46,9134,1992,154,dużo kalorii,2025-06-02T22:04:09.489286
4020332650,2025-06-02 22:00:47,6662,3162,0,dużo kalorii; brak aktywności,2025-06-02T22:04:09.548132
2026352035,2025-06-02 22:00:48,1229,1237,0,brak aktywności,2025-06-02T22:04:09.604812
4445114986,2025-06-02 22:00:50,2303,2010,0,dużo kalorii; brak aktywności,2025-06-02T22:04:09.660637
4746679581,2025-06-02 22:00:54,4052,1982,172,dużo kalorii,2025-06-02T22:04:09.717778
4269650099,2025-06-02 22:00:55,9134,1992,154,dużo kalorii,2025-06-02T22:04:09.770865
2347167796,2025-06-02 22:00:57,10272,2041,2,dużo kalorii,2025-06-02T22:04:09.841971
8877689391,2025-06-02 22:00:58,28497,4526,128,dużo kroków; dużo kalorii,2025-06-02T22:04:09.914868
3372868164,2025-06-02 22:01:03,8827,2062,21,dużo kalorii,2025-06-02T22:04:09.970581
3793835334,2025-06-02 22:01:05,24625,323,176,dużo kroków,2025-06-02T22:04:10.026514
2026352035,2025-06-02 22:01:07,2767,1392,0,brak aktywności,2025-06-02T22:04:10.084916
5149033673,2025-06-02 22:01:09,24518,1951,139,dużo kroków; dużo kalorii,2025-06-02T22:04:10.141435
4455926063,2025-06-02 22:01:10,8511,1949,110,dużo kalorii,2025-06-02T22:04:10.203191
1644430081,2025-06-02 22:01:11,2819,2444,4,dużo kalorii,2025-06-02T22:04:10.261268
4020332650,2025-06-02 22:01:13,4152,2976,0,dużo kalorii; brak aktywności,2025-06-02T22:04:10.330736
4558609924,2025-06-02 22:01:14,7998,2235,27,dużo kalorii,2025-06-02T22:04:10.393040
7086361926,2025-06-02 22:01:15,6101,2421,31,dużo kalorii,2025-06-02T22:04:10.473685
8378563200,2025-06-02 22:01:19,8350,3713,72,dużo kalorii,2025-06-02T22:04:10.551420
4057192912,2025-06-02 22:01:20,7,1787,0,brak aktywności,2025-06-02T22:04:10.617475
6962181067,2025-06-02 22:01:23,10467,2014,9,dużo kalorii,2025-06-02T22:04:10.672905
2320127002,2025-06-02 22:01:24,2277,1530,0,brak aktywności,2025-06-02T22:04:10.734892
6775888955,2025-06-02 22:01:25,1988,2207,0,dużo kalorii; brak aktywności,2025-06-02T22:04:10.791070
4558609924,2025-06-02 22:01:26,6263,1906,0,dużo kalorii; brak aktywności,2025-06-02T22:04:10.844809
3977333714,2025-06-02 22:01:30,4499,1288,0,brak aktywności,2025-06-02T22:04:10.917415
6290855005,2025-06-02 22:01:32,0,2060,0,dużo kalorii; brak aktywności,2025-06-02T22:04:10.985560
5511644009,2025-06-02 22:01:33,618,1866,17,dużo kalorii,2025-06-02T22:04:11.067552
4702921684,2025-06-02 22:01:35,10328,3323,0,dużo kalorii; brak aktywności,2025-06-02T22:04:11.128294
4057192912,2025-06-02 22:01:36,7,1787,0,brak aktywności,2025-06-02T22:04:11.214541
4020332650,2025-06-02 22:01:37,6880,2966,7,dużo kalorii,2025-06-02T22:04:11.329681
2347167796,2025-06-02 22:01:38,6760,1929,0,dużo kalorii; brak aktywności,2025-06-02T22:04:11.394307
4057192912,2025-06-02 22:01:39,2139,1935,0,dużo kalorii; brak aktywności,2025-06-02T22:04:11.457422
2873212765,2025-06-02 22:01:41,14103,2257,46,dużo kalorii,2025-06-02T22:04:11.518882
6348112740,2025-06-02 22:01:42,24751,1824,76,dużo kroków; dużo kalorii,2025-06-02T22:04:11.581046
1503960366,2025-06-02 22:01:43,17609,2154,89,dużo kalorii,2025-06-02T22:04:11.649069
1267735108,2025-06-02 22:01:46,24450,1202,17,dużo kroków,2025-06-02T22:04:11.720443
3044569271,2025-06-02 22:01:47,22646,582,94,dużo kroków,2025-06-02T22:04:11.802003
5577150313,2025-06-02 22:01:48,9917,3427,58,dużo kalorii,2025-06-02T22:04:11.869263
8378563200,2025-06-02 22:01:49,3358,2702,0,dużo kalorii; brak aktywności,2025-06-02T22:04:11.962849
4020332650,2025-06-02 22:01:51,5129,2817,5,dużo kalorii,2025-06-02T22:04:12.028805
8253242879,2025-06-02 22:01:52,1931,1607,0,brak aktywności,2025-06-02T22:04:12.084895
6391747486,2025-06-02 22:01:53,9766,2442,0,dużo kalorii; brak aktywności,2025-06-02T22:04:12.149215
8792009665,2025-06-02 22:01:54,2332,2100,1,dużo kalorii,2025-06-02T22:04:12.204752
8583815059,2025-06-02 22:01:56,2380,2400,0,dużo kalorii; brak aktywności,2025-06-02T22:04:12.270286
8792009665,2025-06-02 22:01:57,1291,1961,0,dużo kalorii; brak aktywności,2025-06-02T22:04:12.339151
8877689391,2025-06-02 22:01:58,16470,3841,90,dużo kalorii,2025-06-02T22:04:12.400100
4580540337,2025-06-02 22:01:59,18603,1817,124,dużo kalorii,2025-06-02T22:04:12.469155
5610115968,2025-06-02 22:02:01,3604,1869,38,dużo kalorii,2025-06-02T22:04:12.559733
5577150313,2025-06-02 22:02:02,4363,2486,8,dużo kalorii,2025-06-02T22:04:12.632946
8253242879,2025-06-02 22:02:10,5360,1832,8,dużo kalorii,2025-06-02T22:04:12.701018
8118199227,2025-06-02 22:02:12,23487,1175,51,dużo kroków,2025-06-02T22:04:12.776547
3459235132,2025-06-02 22:02:16,18109,1976,20,dużo kalorii,2025-06-02T22:04:12.835407
4280408336,2025-06-02 22:02:17,23032,1092,58,dużo kroków,2025-06-02T22:04:12.901236
6962181067,2025-06-02 22:02:18,12362,2188,21,dużo kalorii,2025-06-02T22:04:12.972033
8456218682,2025-06-02 22:02:20,14832,1809,36,dużo kalorii,2025-06-02T22:04:13.130557
3845562544,2025-06-02 22:02:22,12853,1597,0,brak aktywności,2025-06-02T22:04:13.193114
3372868164,2025-06-02 22:02:23,5551,1815,0,dużo kalorii; brak aktywności,2025-06-02T22:04:13.253996
8877689391,2025-06-02 22:02:24,2350,938,0,brak aktywności,2025-06-02T22:04:13.314145
6391747486,2025-06-02 22:02:26,0,251,0,brak aktywności,2025-06-02T22:04:13.373398
6962181067,2025-06-02 22:02:27,14097,2188,50,dużo kalorii,2025-06-02T22:04:13.442021
1927972279,2025-06-02 22:02:28,1209,2255,0,dużo kalorii; brak aktywności,2025-06-02T22:04:13.516319
8792009665,2025-06-02 22:02:31,4592,2260,4,dużo kalorii,2025-06-02T22:04:13.589484
3845562544,2025-06-02 22:02:34,12853,1597,0,brak aktywności,2025-06-02T22:04:13.661377
1644430081,2025-06-02 22:02:35,11166,3202,3,dużo kalorii,2025-06-02T22:04:13.745730
1644430081,2025-06-02 22:02:36,1329,489,0,brak aktywności,2025-06-02T22:04:13.822881
6290855005,2025-06-02 22:02:37,9548,3119,25,dużo kalorii,2025-06-02T22:04:13.886400
3372868164,2025-06-02 22:02:41,8827,2062,21,dużo kalorii,2025-06-02T22:04:13.963297
4558609924,2025-06-02 22:02:43,3183,1680,0,brak aktywności,2025-06-02T22:04:14.025005
6391747486,2025-06-02 22:02:44,0,1820,0,dużo kalorii; brak aktywności,2025-06-02T22:04:14.110229
5577150313,2025-06-02 22:02:45,10461,3625,99,dużo kalorii,2025-06-02T22:04:14.275153
2347167796,2025-06-02 22:02:47,10001,2009,5,dużo kalorii,2025-06-02T22:04:14.427302
2873212765,2025-06-02 22:02:49,2214,1559,0,brak aktywności,2025-06-02T22:04:14.485901
6290855005,2025-06-02 22:02:50,0,2060,0,dużo kalorii; brak aktywności,2025-06-02T22:04:14.545186
6682646260,2025-06-02 22:02:52,22580,435,63,dużo kroków,2025-06-02T22:04:14.608773
4445114986,2025-06-02 22:02:54,3271,2133,0,dużo kalorii; brak aktywności,2025-06-02T22:04:14.665190
8253242879,2025-06-02 22:02:55,0,1429,0,brak aktywności,2025-06-02T22:04:14.724783
4020332650,2025-06-02 22:02:59,7734,3264,20,dużo kalorii,2025-06-02T22:04:14.814452
2873212765,2025-06-02 22:03:01,890,1335,0,brak aktywności,2025-06-02T22:04:14.880381
4057192912,2025-06-02 22:03:02,6801,2393,0,dużo kalorii; brak aktywności,2025-06-02T22:04:14.938518
1927972279,2025-06-02 22:03:04,2523,2443,0,dużo kalorii; brak aktywności,2025-06-02T22:04:15.062966
3977333714,2025-06-02 22:03:08,4499,1288,0,brak aktywności,2025-06-02T22:04:15.111857
4057192912,2025-06-02 22:03:09,0,1777,0,brak aktywności,2025-06-02T22:04:15.169041
7007744171,2025-06-02 22:03:11,13513,2811,64,dużo kalorii,2025-06-02T22:04:15.241313
8378563200,2025-06-02 22:03:12,3358,2702,0,dużo kalorii; brak aktywności,2025-06-02T22:04:15.301939
8053475328,2025-06-02 22:03:14,11159,2715,59,dużo kalorii,2025-06-02T22:04:15.370006
4702921684,2025-06-02 22:03:16,7583,2915,3,dużo kalorii,2025-06-02T22:04:15.433005
4702921684,2025-06-02 22:03:18,6506,2886,4,dużo kalorii,2025-06-02T22:04:15.487562
1449428675,2025-06-02 22:03:24,23820,1955,93,dużo kroków; dużo kalorii,2025-06-02T22:04:15.558441
8473510870,2025-06-02 22:03:25,24488,1509,145,dużo kroków,2025-06-02T22:04:15.631180
7007744171,2025-06-02 22:03:28,10345,2613,2,dużo kalorii,2025-06-02T22:04:15.686489
8378563200,2025-06-02 22:03:29,2240,2606,0,dużo kalorii; brak aktywności,2025-06-02T22:04:15.757591
3372868164,2025-06-02 22:03:30,5551,1815,0,dużo kalorii; brak aktywności,2025-06-02T22:04:15.812958
6601908457,2025-06-02 22:03:35,6317,1887,163,dużo kalorii,2025-06-02T22:04:15.873011
1927972279,2025-06-02 22:03:36,24,942,0,brak aktywności,2025-06-02T22:04:15.934286
1503960366,2025-06-02 22:03:37,11004,1819,33,dużo kalorii,2025-06-02T22:04:15.994905
2873212765,2025-06-02 22:03:38,8432,1953,0,dużo kalorii; brak aktywności,2025-06-02T22:04:16.051403
2022484408,2025-06-02 22:03:41,16267,2811,44,dużo kalorii,2025-06-02T22:04:16.109628
4476008305,2025-06-02 22:03:42,23428,1219,70,dużo kroków,2025-06-02T22:04:16.173681
6290855005,2025-06-02 22:03:45,0,2664,33,dużo kalorii,2025-06-02T22:04:16.233921
6117666160,2025-06-02 22:03:46,0,1496,0,brak aktywności,2025-06-02T22:04:16.342947
8792009665,2025-06-02 22:03:48,1467,1953,2,dużo kalorii,2025-06-02T22:04:16.505171
2873212765,2025-06-02 22:03:49,7640,1845,3,dużo kalorii,2025-06-02T22:04:16.569758
2022484408,2025-06-02 22:03:51,11144,2395,25,dużo kalorii,2025-06-02T22:04:16.625497
6391747486,2025-06-02 22:03:54,9766,2442,0,dużo kalorii; brak aktywności,2025-06-02T22:04:16.685280
1624580081,2025-06-02 22:03:57,3572,1370,0,brak aktywności,2025-06-02T22:04:16.763404
6391747486,2025-06-02 22:03:59,0,1820,0,dużo kalorii; brak aktywności,2025-06-02T22:04:16.841037
2646557558,2025-06-02 22:04:04,11740,1842,50,dużo kalorii,2025-06-02T22:04:16.924839
2891001357,2025-06-02 22:04:05,4126,2881,0,dużo kalorii; brak aktywności,2025-06-02T22:04:16.999665
1927972279,2025-06-02 22:04:07,1259,2202,0,dużo kalorii; brak aktywności,2025-06-02T22:04:17.068781
7007744171,2025-06-02 22:04:09,11680,2573,50,dużo kalorii,2025-06-02T22:04:17.131117
3372868164,2025-06-02 22:04:10,5861,1878,20,dużo kalorii,2025-06-02T22:04:17.198281
4388161847,2025-06-02 22:04:11,0,1878,0,dużo kalorii; brak aktywności,2025-06-02T22:04:17.271119
4702921684,2025-06-02 22:04:12,7165,2923,0,dużo kalorii; brak aktywności,2025-06-02T22:04:17.353178
6117666160,2025-06-02 22:04:16,4853,1903,0,dużo kalorii; brak aktywności,2025-06-02T22:04:17.423889
4319703577,2025-06-02 22:04:17,10946,2341,8,dużo kalorii,2025-06-02T22:04:17.493761
8378563200,2025-06-02 22:04:18,14179,3669,73,dużo kalorii,2025-06-02T22:04:18.241012
2840416546,2025-06-02 22:04:20,3387,1832,31,dużo kalorii,2025-06-02T22:04:20.247370
3372868164,2025-06-02 22:04:21,6406,2010,17,dużo kalorii,2025-06-02T22:04:21.254533
2873212765,2025-06-02 22:04:26,9713,2046,6,dużo kalorii,2025-06-02T22:04:26.262972
4558609924,2025-06-02 22:04:27,4195,1778,0,brak aktywności,2025-06-02T22:04:27.265415
4445114986,2025-06-02 22:04:28,2600,2032,0,dużo kalorii; brak aktywności,2025-06-02T22:04:28.379212
4445114986,2025-06-02 22:04:29,3146,2058,0,dużo kalorii; brak aktywności,2025-06-02T22:04:29.427371
2026352035,2025-06-02 22:04:31,5142,1515,0,brak aktywności,2025-06-02T22:04:31.279348
4388161847,2025-06-02 22:04:35,0,1878,0,dużo kalorii; brak aktywności,2025-06-02T22:04:35.324121
6775888955,2025-06-02 22:04:36,13987,3856,46,dużo kalorii,2025-06-02T22:04:36.521568
1844505072,2025-06-02 22:04:39,5430,1888,0,dużo kalorii; brak aktywności,2025-06-02T22:04:39.309506
4269650099,2025-06-02 22:04:40,9134,1992,154,dużo kalorii,2025-06-02T22:04:40.313069
2320127002,2025-06-02 22:04:43,0,1324,0,brak aktywności,2025-06-02T22:04:43.330771
1927972279,2025-06-02 22:04:44,3198,2449,0,dużo kalorii; brak aktywności,2025-06-02T22:04:44.324056
4445114986,2025-06-02 22:04:47,4804,2227,0,dużo kalorii; brak aktywności,2025-06-02T22:04:47.335445
4319703577,2025-06-02 22:04:50,8223,2178,12,dużo kalorii,2025-06-02T22:04:50.346828
4280408336,2025-06-02 22:04:52,23032,1092,58,dużo kroków,2025-06-02T22:04:52.353005
1444219334,2025-06-02 22:04:53,8479,1902,90,dużo kalorii,2025-06-02T22:04:53.357332
6180844824,2025-06-02 22:04:54,18412,1920,162,dużo kalorii,2025-06-02T22:04:54.359948
8877689391,2025-06-02 22:04:55,10695,2834,10,dużo kalorii,2025-06-02T22:04:55.361147
2026352035,2025-06-02 22:04:56,5142,1515,0,brak aktywności,2025-06-02T22:04:56.366471
8053475328,2025-06-02 22:04:57,17078,3176,101,dużo kalorii,2025-06-02T22:04:57.371334
1503960366,2025-06-02 22:04:59,14844,2083,36,dużo kalorii,2025-06-02T22:04:59.394234
8877689391,2025-06-02 22:05:00,20779,3662,78,dużo kalorii,2025-06-02T22:05:00.437093
3372868164,2025-06-02 22:05:02,6406,2010,17,dużo kalorii,2025-06-02T22:05:02.702153
1503960366,2025-06-02 22:05:03,12041,1886,28,dużo kalorii,2025-06-02T22:05:03.465663
8792009665,2025-06-02 22:05:05,1291,1961,0,dużo kalorii; brak aktywności,2025-06-02T22:05:05.437408
4702921684,2025-06-02 22:05:06,7605,2943,4,dużo kalorii,2025-06-02T22:05:06.450844
8458599691,2025-06-02 22:05:07,23868,505,124,dużo kroków,2025-06-02T22:05:07.457871
1644430081,2025-06-02 22:05:10,7842,2928,7,dużo kalorii,2025-06-02T22:05:10.529683
1927972279,2025-06-02 22:05:13,2523,2443,0,dużo kalorii; brak aktywności,2025-06-02T22:05:13.602381
5553957443,2025-06-02 22:05:15,12252,2044,33,dużo kalorii,2025-06-02T22:05:15.771722
4388161847,2025-06-02 22:05:17,0,1296,0,brak aktywności,2025-06-02T22:05:17.613382
2347167796,2025-06-02 22:05:18,15459,2438,51,dużo kalorii,2025-06-02T22:05:18.613896
4020332650,2025-06-02 22:05:20,7734,3264,20,dużo kalorii,2025-06-02T22:05:20.621289
1644430081,2025-06-02 22:05:21,9921,3098,5,dużo kalorii,2025-06-02T22:05:21.625571
8877689391,2025-06-02 22:05:22,24136,4039,87,dużo kroków; dużo kalorii,2025-06-02T22:05:22.629931
2565640386,2025-06-02 22:05:23,22450,2000,59,dużo kroków; dużo kalorii,2025-06-02T22:05:23.631532
4746679581,2025-06-02 22:05:25,4052,1982,172,dużo kalorii,2025-06-02T22:05:25.640017
8792009665,2025-06-02 22:05:26,7238,2667,2,dużo kalorii,2025-06-02T22:05:26.643135
1927972279,2025-06-02 22:05:27,5662,2783,0,dużo kalorii; brak aktywności,2025-06-02T22:05:27.646735
8473510870,2025-06-02 22:05:28,24488,1509,145,dużo kroków,2025-06-02T22:05:28.648681
8151732312,2025-06-02 22:05:29,22390,1995,79,dużo kroków; dużo kalorii,2025-06-02T22:05:29.655855
1624580081,2025-06-02 22:05:30,815,1264,0,brak aktywności,2025-06-02T22:05:30.657288
4269650099,2025-06-02 22:05:32,9134,1992,154,dużo kalorii,2025-06-02T22:05:32.658716
8877689391,2025-06-02 22:05:35,23014,4196,70,dużo kroków; dużo kalorii,2025-06-02T22:05:35.667315
4319703577,2025-06-02 22:05:37,8223,2178,12,dużo kalorii,2025-06-02T22:05:37.677807
1844505072,2025-06-02 22:05:38,6556,1971,0,dużo kalorii; brak aktywności,2025-06-02T22:05:38.680916
6682646260,2025-06-02 22:05:40,22580,435,63,dużo kroków,2025-06-02T22:05:40.693889
1644430081,2025-06-02 22:05:42,11166,3202,3,dużo kalorii,2025-06-02T22:05:42.693011
1624580081,2025-06-02 22:05:43,1556,1327,0,brak aktywności,2025-06-02T22:05:43.694088
2026352035,2025-06-02 22:05:48,3279,1405,0,brak aktywności,2025-06-02T22:05:48.713346
8792009665,2025-06-02 22:05:49,4605,2253,0,dużo kalorii; brak aktywności,2025-06-02T22:05:49.717210
4057192912,2025-06-02 22:05:50,0,1776,0,brak aktywności,2025-06-02T22:05:50.721912
7425606409,2025-06-02 22:05:51,24417,687,73,dużo kroków,2025-06-02T22:05:51.722914
5047581668,2025-06-02 22:05:54,9398,1895,91,dużo kalorii,2025-06-02T22:05:54.736399
5229424010,2025-06-02 22:05:55,21977,1877,2,dużo kalorii,2025-06-02T22:05:55.741093
4020332650,2025-06-02 22:05:56,4152,2976,0,dużo kalorii; brak aktywności,2025-06-02T22:05:56.743781
4445114986,2025-06-02 22:05:57,2600,2032,0,dużo kalorii; brak aktywności,2025-06-02T22:05:57.747167
4497919518,2025-06-02 22:05:58,24761,1807,28,dużo kroków; dużo kalorii,2025-06-02T22:05:58.746524
4057192912,2025-06-02 22:05:59,7239,2484,7,dużo kalorii,2025-06-02T22:05:59.750830
5577150313,2025-06-02 22:06:00,10494,3817,123,dużo kalorii,2025-06-02T22:06:00.751104
8253242879,2025-06-02 22:06:07,12026,2162,47,dużo kalorii,2025-06-02T22:06:07.772932
2290845358,2025-06-02 22:06:08,20703,1999,38,dużo kalorii,2025-06-02T22:06:08.775185
1503960366,2025-06-02 22:06:09,10016,1850,15,dużo kalorii,2025-06-02T22:06:09.782829
4020332650,2025-06-02 22:06:10,6662,3162,0,dużo kalorii; brak aktywności,2025-06-02T22:06:10.787377
2320127002,2025-06-02 22:06:13,2098,790,0,brak aktywności,2025-06-02T22:06:13.795401
4083089159,2025-06-02 22:06:14,23988,1508,2,dużo kroków,2025-06-02T22:06:14.795201
4580540337,2025-06-02 22:06:15,18603,1817,124,dużo kalorii,2025-06-02T22:06:15.800437
8053475328,2025-06-02 22:06:17,25701,3697,165,dużo kroków; dużo kalorii,2025-06-02T22:06:17.804905
6290855005,2025-06-02 22:06:18,0,2060,0,dużo kalorii; brak aktywności,2025-06-02T22:06:18.807903
8378563200,2025-06-02 22:06:19,9124,3798,55,dużo kalorii,2025-06-02T22:06:19.812911
4558609924,2025-06-02 22:06:21,6263,1906,0,dużo kalorii; brak aktywności,2025-06-02T22:06:21.816701
1267735108,2025-06-02 22:06:27,24450,1202,17,dużo kroków,2025-06-02T22:06:27.837581
1844505072,2025-06-02 22:06:29,6847,1969,9,dużo kalorii,2025-06-02T22:06:29.843177
1844505072,2025-06-02 22:06:31,5430,1888,0,dużo kalorii; brak aktywności,2025-06-02T22:06:31.850045
8420517047,2025-06-02 22:06:33,22392,1099,85,dużo kroków,2025-06-02T22:06:33.855071
6391747486,2025-06-02 22:06:34,0,1820,0,dużo kalorii; brak aktywności,2025-06-02T22:06:34.858786
5444008960,2025-06-02 22:06:37,24747,1341,12,dużo kroków,2025-06-02T22:06:37.868607
4388161847,2025-06-02 22:06:43,0,1878,0,dużo kalorii; brak aktywności,2025-06-02T22:06:43.884006
1644430081,2025-06-02 22:06:44,8046,2925,18,dużo kalorii,2025-06-02T22:06:44.888903
6465669417,2025-06-02 22:06:46,24754,1782,154,dużo kroków,2025-06-02T22:06:46.894272
4319703577,2025-06-02 22:06:48,8405,2154,15,dużo kalorii,2025-06-02T22:06:48.899874
6117666160,2025-06-02 22:06:50,8955,2482,0,dużo kalorii; brak aktywności,2025-06-02T22:06:50.905257
3372868164,2025-06-02 22:06:56,5785,1852,0,dużo kalorii; brak aktywności,2025-06-02T22:06:56.933872
7007744171,2025-06-02 22:07:01,10146,2700,1,dużo kalorii,2025-06-02T22:07:01.940389
8053475328,2025-06-02 22:07:02,11693,2790,60,dużo kalorii,2025-06-02T22:07:02.945246
7086361926,2025-06-02 22:07:05,569,1799,0,brak aktywności,2025-06-02T22:07:05.953149
3044569271,2025-06-02 22:07:06,22646,582,94,dużo kroków,2025-06-02T22:07:06.956805
4020332650,2025-06-02 22:07:07,8,446,0,brak aktywności,2025-06-02T22:07:07.961481
5242018555,2025-06-02 22:07:08,22058,956,55,dużo kroków,2025-06-02T22:07:08.964866
6962181067,2025-06-02 22:07:14,13417,2244,45,dużo kalorii,2025-06-02T22:07:14.977953
3372868164,2025-06-02 22:07:15,4460,1787,0,brak aktywności,2025-06-02T22:07:15.981482
3372868164,2025-06-02 22:07:16,5551,1815,0,dużo kalorii; brak aktywności,2025-06-02T22:07:16.984810
4445114986,2025-06-02 22:07:24,2303,2010,0,dużo kalorii; brak aktywności,2025-06-02T22:07:24.011739
4020332650,2025-06-02 22:07:26,5543,2990,0,dużo kalorii; brak aktywności,2025-06-02T22:07:26.015342
6962181067,2025-06-02 22:07:30,10467,2014,9,dużo kalorii,2025-06-02T22:07:30.030473
1644430081,2025-06-02 22:07:31,13840,3290,18,dużo kalorii,2025-06-02T22:07:31.034278
3372868164,2025-06-02 22:07:32,5551,1815,0,dużo kalorii; brak aktywności,2025-06-02T22:07:32.036801
3977333714,2025-06-02 22:07:33,4499,1288,0,brak aktywności,2025-06-02T22:07:33.040552
2026352035,2025-06-02 22:07:36,3098,1413,0,brak aktywności,2025-06-02T22:07:36.045043
6290855005,2025-06-02 22:07:37,9548,3119,25,dużo kalorii,2025-06-02T22:07:37.053175
4020332650,2025-06-02 22:07:39,7476,3253,0,dużo kalorii; brak aktywności,2025-06-02T22:07:39.054977
1624580081,2025-06-02 22:07:41,1810,1373,0,brak aktywności,2025-06-02T22:07:41.064008
5577150313,2025-06-02 22:07:42,7401,3492,70,dużo kalorii,2025-06-02T22:07:42.064842
8118199227,2025-06-02 22:07:45,23487,1175,51,dużo kroków,2025-06-02T22:07:45.074383
4558609924,2025-06-02 22:07:46,7998,2235,27,dużo kalorii,2025-06-02T22:07:46.079071
1503960366,2025-06-02 22:07:49,10990,1811,26,dużo kalorii,2025-06-02T22:07:49.092051
2320127002,2025-06-02 22:07:50,3417,1625,0,brak aktywności,2025-06-02T22:07:50.092160
4057192912,2025-06-02 22:07:54,4,1778,0,brak aktywności,2025-06-02T22:07:54.104639
8792009665,2025-06-02 22:07:55,1467,1953,2,dużo kalorii,2025-06-02T22:07:55.107363
6962181067,2025-06-02 22:07:58,14097,2188,50,dużo kalorii,2025-06-02T22:07:58.115607
4455926063,2025-06-02 22:07:59,8511,1949,110,dużo kalorii,2025-06-02T22:07:59.120568
3977333714,2025-06-02 22:08:00,7618,1490,0,brak aktywności,2025-06-02T22:08:00.121503
8378563200,2025-06-02 22:08:01,3246,1882,65,dużo kalorii,2025-06-02T22:08:01.123158
8053475328,2025-06-02 22:08:03,11159,2715,59,dużo kalorii,2025-06-02T22:08:03.131352
8053475328,2025-06-02 22:08:04,11693,2790,60,dużo kalorii,2025-06-02T22:08:04.131355
4388161847,2025-06-02 22:08:05,0,1878,0,dużo kalorii; brak aktywności,2025-06-02T22:08:05.134442
4057192912,2025-06-02 22:08:06,8,1778,0,brak aktywności,2025-06-02T22:08:06.139413
2320127002,2025-06-02 22:08:07,3417,1625,0,brak aktywności,2025-06-02T22:08:07.142561
4020332650,2025-06-02 22:08:09,6662,3162,0,dużo kalorii; brak aktywności,2025-06-02T22:08:09.168144
2873212765,2025-06-02 22:08:11,7350,1910,0,dużo kalorii; brak aktywności,2025-06-02T22:08:11.182957
4057192912,2025-06-02 22:08:12,0,1776,0,brak aktywności,2025-06-02T22:08:12.177197
9174893606,2025-06-02 22:08:13,24207,594,40,dużo kroków,2025-06-02T22:08:13.180628
8792009665,2025-06-02 22:08:15,4605,2253,0,dużo kalorii; brak aktywności,2025-06-02T22:08:15.190007
8378563200,2025-06-02 22:08:16,3358,2702,0,dużo kalorii; brak aktywności,2025-06-02T22:08:16.203062
6290855005,2025-06-02 22:08:18,0,2060,0,dużo kalorii; brak aktywności,2025-06-02T22:08:18.201620
2320127002,2025-06-02 22:08:19,0,1324,0,brak aktywności,2025-06-02T22:08:19.203659
3127356533,2025-06-02 22:08:22,24700,1369,41,dużo kroków,2025-06-02T22:08:22.215162
7746407206,2025-06-02 22:08:24,23137,892,73,dużo kroków,2025-06-02T22:08:24.218187
8053475328,2025-06-02 22:08:27,20188,3377,124,dużo kalorii,2025-06-02T22:08:27.227478
3372868164,2025-06-02 22:08:29,7625,2069,24,dużo kalorii,2025-06-02T22:08:29.239400
1644430081,2025-06-02 22:08:30,13840,3290,18,dużo kalorii,2025-06-02T22:08:30.241571
5577150313,2025-06-02 22:08:31,9917,3427,58,dużo kalorii,2025-06-02T22:08:31.245112
6660749387,2025-06-02 22:08:32,7001,1841,64,dużo kalorii,2025-06-02T22:08:32.249333
4057192912,2025-06-02 22:08:40,4,1778,0,brak aktywności,2025-06-02T22:08:40.304071
6180844824,2025-06-02 22:08:41,18412,1920,162,dużo kalorii,2025-06-02T22:08:41.305291
1644430081,2025-06-02 22:08:42,1329,489,0,brak aktywności,2025-06-02T22:08:42.308434
8253242879,2025-06-02 22:08:43,0,1429,0,brak aktywności,2025-06-02T22:08:43.310360
4057192912,2025-06-02 22:08:47,3434,2101,1,dużo kalorii,2025-06-02T22:08:47.333829
8378563200,2025-06-02 22:08:48,9124,3798,55,dużo kalorii,2025-06-02T22:08:48.335713
4388161847,2025-06-02 22:08:50,0,1878,0,dużo kalorii; brak aktywności,2025-06-02T22:08:50.342200
4057192912,2025-06-02 22:08:51,2275,2005,0,dużo kalorii; brak aktywności,2025-06-02T22:08:51.344967
4445114986,2025-06-02 22:08:58,2422,1935,0,dużo kalorii; brak aktywności,2025-06-02T22:08:58.366665
1927972279,2025-06-02 22:09:02,1209,2255,0,dużo kalorii; brak aktywności,2025-06-02T22:09:02.401492
6290855005,2025-06-02 22:09:03,0,2060,0,dużo kalorii; brak aktywności,2025-06-02T22:09:03.405608
4057192912,2025-06-02 22:09:05,0,1776,0,brak aktywności,2025-06-02T22:09:05.405157
4057192912,2025-06-02 22:09:06,7,1787,0,brak aktywności,2025-06-02T22:09:06.410812
4020332650,2025-06-02 22:09:07,5906,3016,0,dużo kalorii; brak aktywności,2025-06-02T22:09:07.412843
2570855483,2025-06-02 22:09:09,23596,894,91,dużo kroków,2025-06-02T22:09:09.421844
2026352035,2025-06-02 22:09:10,6679,1583,0,brak aktywności,2025-06-02T22:09:10.428704
4319703577,2025-06-02 22:09:13,9130,2236,7,dużo kalorii,2025-06-02T22:09:15.225115
1503960366,2025-06-02 22:09:14,12262,1868,47,dużo kalorii,2025-06-02T22:09:15.659267
2022484408,2025-06-02 22:09:15,5477,2040,0,dużo kalorii; brak aktywności,2025-06-02T22:09:16.268622
1503960366,2025-06-02 22:09:16,224,50,0,brak aktywności,2025-06-02T22:09:16.442832
4020332650,2025-06-02 22:09:19,2106,4010,31,dużo kalorii,2025-06-02T22:09:19.451817
4388161847,2025-06-02 22:09:20,0,1878,0,dużo kalorii; brak aktywności,2025-06-02T22:09:22.233256
5444008960,2025-06-02 22:09:21,24747,1341,12,dużo kroków,2025-06-02T22:09:22.360058
4702921684,2025-06-02 22:09:22,10328,3323,0,dużo kalorii; brak aktywności,2025-06-02T22:09:22.478680
5764039639,2025-06-02 22:09:24,24155,836,116,dużo kroków,2025-06-02T22:09:24.477198
8253242879,2025-06-02 22:09:27,0,1429,0,brak aktywności,2025-06-02T22:09:27.741250
1503960366,2025-06-02 22:09:28,14557,2030,43,dużo kalorii,2025-06-02T22:09:28.491391
2347167796,2025-06-02 22:09:30,6760,1929,0,dużo kalorii; brak aktywności,2025-06-02T22:09:30.509435
2347167796,2025-06-02 22:09:31,10114,2096,18,dużo kalorii,2025-06-02T22:09:31.513561
1844505072,2025-06-02 22:09:33,0,1347,0,brak aktywności,2025-06-02T22:09:33.518229
6290855005,2025-06-02 22:09:34,6633,2778,0,dużo kalorii; brak aktywności,2025-06-02T22:09:34.531257
4445114986,2025-06-02 22:09:35,3146,2058,0,dużo kalorii; brak aktywności,2025-06-02T22:09:35.534048
6660749387,2025-06-02 22:09:36,7001,1841,64,dużo kalorii,2025-06-02T22:09:36.537711
4558609924,2025-06-02 22:09:37,5512,1882,0,dużo kalorii; brak aktywności,2025-06-02T22:09:37.542951
4445114986,2025-06-02 22:09:38,4195,2210,0,dużo kalorii; brak aktywności,2025-06-02T22:09:38.546500
3127356533,2025-06-02 22:09:40,24700,1369,41,dużo kroków,2025-06-02T22:09:40.552996
6391747486,2025-06-02 22:09:43,9766,2442,0,dużo kalorii; brak aktywności,2025-06-02T22:09:43.560869
4388161847,2025-06-02 22:09:44,0,1878,0,dużo kalorii; brak aktywności,2025-06-02T22:09:44.568438
6775888955,2025-06-02 22:09:48,13987,3856,46,dużo kalorii,2025-06-02T22:09:48.581263
4746679581,2025-06-02 22:09:49,4052,1982,172,dużo kalorii,2025-06-02T22:09:49.585681
4445114986,2025-06-02 22:09:50,5543,2303,0,dużo kalorii; brak aktywności,2025-06-02T22:09:50.602062
2565640386,2025-06-02 22:09:53,22450,2000,59,dużo kroków; dużo kalorii,2025-06-02T22:09:53.611127
4636003360,2025-06-02 22:09:55,1542,1916,158,dużo kalorii,2025-06-02T22:09:55.615071
4057192912,2025-06-02 22:09:59,7,1787,0,brak aktywności,2025-06-02T22:09:59.628917
8792009665,2025-06-02 22:10:02,2121,2114,0,dużo kalorii; brak aktywności,2025-06-02T22:10:02.634311
2026352035,2025-06-02 22:10:04,1229,1237,0,brak aktywności,2025-06-02T22:10:04.644365
1624580081,2025-06-02 22:10:08,1552,1300,0,brak aktywności,2025-06-02T22:10:08.657278
6601908457,2025-06-02 22:10:09,6317,1887,163,dużo kalorii,2025-06-02T22:10:09.665081
4057192912,2025-06-02 22:10:11,4,1778,0,brak aktywności,2025-06-02T22:10:11.663046
6465669417,2025-06-02 22:10:13,24754,1782,154,dużo kroków,2025-06-02T22:10:13.685033
4020332650,2025-06-02 22:10:14,5129,2817,5,dużo kalorii,2025-06-02T22:10:14.690164
4746931853,2025-06-02 22:10:15,18549,1986,121,dużo kalorii,2025-06-02T22:10:15.693920
4388161847,2025-06-02 22:10:16,0,1878,0,dużo kalorii; brak aktywności,2025-06-02T22:10:16.692681
4020332650,2025-06-02 22:10:17,8,446,0,brak aktywności,2025-06-02T22:10:17.699591
6290855005,2025-06-02 22:10:18,0,2060,0,dużo kalorii; brak aktywności,2025-06-02T22:10:18.702854
8378563200,2025-06-02 22:10:20,9124,3798,55,dużo kalorii,2025-06-02T22:10:20.708485
3459235132,2025-06-02 22:10:24,18109,1976,20,dużo kalorii,2025-06-02T22:10:24.727214
1503960366,2025-06-02 22:10:25,12521,1895,46,dużo kalorii,2025-06-02T22:10:25.727250
6962181067,2025-06-02 22:10:27,13417,2244,45,dużo kalorii,2025-06-02T22:10:27.737549
4020332650,2025-06-02 22:10:28,5702,2980,0,dużo kalorii; brak aktywności,2025-06-02T22:10:28.741138
5577150313,2025-06-02 22:10:29,10494,3817,123,dużo kalorii,2025-06-02T22:10:29.743873
4057192912,2025-06-02 22:10:36,187,538,0,brak aktywności,2025-06-02T22:10:36.773057
8730481794,2025-06-02 22:10:37,16404,1366,0,brak aktywności,2025-06-02T22:10:37.776476
4445114986,2025-06-02 22:10:38,6911,2374,28,dużo kalorii,2025-06-02T22:10:38.781726
4319703577,2025-06-02 22:10:41,8359,2201,3,dużo kalorii,2025-06-02T22:10:41.793641
1644430081,2025-06-02 22:10:42,12912,3436,59,dużo kalorii,2025-06-02T22:10:42.798397
3372868164,2025-06-02 22:10:43,6406,2010,17,dużo kalorii,2025-06-02T22:10:43.802774
1503960366,2025-06-02 22:10:44,12432,1883,32,dużo kalorii,2025-06-02T22:10:44.806566
4702921684,2025-06-02 22:10:45,6506,2886,4,dużo kalorii,2025-06-02T22:10:45.810256
1927972279,2025-06-02 22:10:47,4317,2590,0,dużo kalorii; brak aktywności,2025-06-02T22:10:47.816621
2235841730,2025-06-02 22:10:48,23613,1909,61,dużo kroków; dużo kalorii,2025-06-02T22:10:48.819232
9228851764,2025-06-02 22:10:50,13696,1194,0,brak aktywności,2025-06-02T22:10:50.826692
7007744171,2025-06-02 22:10:53,11680,2573,50,dużo kalorii,2025-06-02T22:10:53.834019
8583815059,2025-06-02 22:10:54,2098,2354,0,dużo kalorii; brak aktywności,2025-06-02T22:10:54.838189
2891001357,2025-06-02 22:10:56,4126,2881,0,dużo kalorii; brak aktywności,2025-06-02T22:10:56.843076
8877689391,2025-06-02 22:10:57,2350,938,0,brak aktywności,2025-06-02T22:10:57.848227
1624580081,2025-06-02 22:10:59,1556,1327,0,brak aktywności,2025-06-02T22:10:59.853722
2347167796,2025-06-02 22:11:00,6760,1929,0,dużo kalorii; brak aktywności,2025-06-02T22:11:00.857261
1927972279,2025-06-02 22:11:01,2523,2443,0,dużo kalorii; brak aktywności,2025-06-02T22:11:01.862843
3977333714,2025-06-02 22:11:03,759,182,0,brak aktywności,2025-06-02T22:11:03.868828
7007744171,2025-06-02 22:11:04,10146,2700,1,dużo kalorii,2025-06-02T22:11:04.874736
4020332650,2025-06-02 22:11:06,3226,2480,0,dużo kalorii; brak aktywności,2025-06-02T22:11:06.944926
4136911414,2025-06-02 22:11:09,24873,998,62,dużo kroków,2025-06-02T22:11:09.950303
8642152516,2025-06-02 22:11:11,409,1835,168,dużo kalorii,2025-06-02T22:11:11.958452
1416112401,2025-06-02 22:11:12,8663,1966,128,dużo kalorii,2025-06-02T22:11:12.960312
2320127002,2025-06-02 22:11:13,4931,1708,0,brak aktywności,2025-06-02T22:11:13.963023
8474697308,2025-06-02 22:11:15,23950,667,46,dużo kroków,2025-06-02T22:11:15.971088
4020332650,2025-06-02 22:11:17,6107,3313,0,dużo kalorii; brak aktywności,2025-06-02T22:11:17.978318
4057192912,2025-06-02 22:11:23,44,1782,0,brak aktywności,2025-06-02T22:11:23.993872
1927972279,2025-06-02 22:11:29,2523,2443,0,dużo kalorii; brak aktywności,2025-06-02T22:11:29.019011
1644430081,2025-06-02 22:11:32,1329,489,0,brak aktywności,2025-06-02T22:11:32.025747
6117666160,2025-06-02 22:11:35,12409,2694,0,dużo kalorii; brak aktywności,2025-06-02T22:11:35.037253
3372868164,2025-06-02 22:11:36,5785,1852,0,dużo kalorii; brak aktywności,2025-06-02T22:11:36.039485
4057192912,2025-06-02 22:11:37,5561,2296,0,dużo kalorii; brak aktywności,2025-06-02T22:11:37.040461
4057192912,2025-06-02 22:11:39,8426,2360,2,dużo kalorii,2025-06-02T22:11:39.045582
5553957443,2025-06-02 22:11:41,15444,2249,51,dużo kalorii,2025-06-02T22:11:41.051526
2891001357,2025-06-02 22:11:42,0,4562,0,dużo kalorii; brak aktywności,2025-06-02T22:11:42.061608
6465669417,2025-06-02 22:11:43,24754,1782,154,dużo kroków,2025-06-02T22:11:43.062481
4057192912,2025-06-02 22:11:44,0,1776,0,brak aktywności,2025-06-02T22:11:44.062819
4057192912,2025-06-02 22:11:45,0,1776,0,brak aktywności,2025-06-02T22:11:45.065008
8378563200,2025-06-02 22:11:49,2631,2624,0,dużo kalorii; brak aktywności,2025-06-02T22:11:49.075093
4702921684,2025-06-02 22:11:54,12116,3357,3,dużo kalorii,2025-06-02T22:11:54.093073
6391747486,2025-06-02 22:11:55,165,1849,0,dużo kalorii; brak aktywności,2025-06-02T22:11:55.102304
3845562544,2025-06-02 22:11:56,12853,1597,0,brak aktywności,2025-06-02T22:11:56.100866
4020332650,2025-06-02 22:11:58,6662,3162,0,dużo kalorii; brak aktywności,2025-06-02T22:11:58.106471
1844505072,2025-06-02 22:11:59,4979,1807,0,dużo kalorii; brak aktywności,2025-06-02T22:11:59.112067
3127356533,2025-06-02 22:12:00,24700,1369,41,dużo kroków,2025-06-02T22:12:00.115578
4445114986,2025-06-02 22:12:02,5406,2317,0,dużo kalorii; brak aktywności,2025-06-02T22:12:02.119202
8642152516,2025-06-02 22:12:03,409,1835,168,dużo kalorii,2025-06-02T22:12:03.120839
6962181067,2025-06-02 22:12:05,14400,2188,27,dużo kalorii,2025-06-02T22:12:05.124924
4057192912,2025-06-02 22:12:07,2139,1935,0,dużo kalorii; brak aktywności,2025-06-02T22:12:07.131519
8378563200,2025-06-02 22:12:08,8350,3713,72,dużo kalorii,2025-06-02T22:12:08.133172
2320127002,2025-06-02 22:12:09,11230,2206,10,dużo kalorii,2025-06-02T22:12:09.135566
6305423448,2025-06-02 22:12:12,5907,1880,19,dużo kalorii,2025-06-02T22:12:12.143976
8253242879,2025-06-02 22:12:14,0,1429,0,brak aktywności,2025-06-02T22:12:14.148076
4558609924,2025-06-02 22:12:15,1260,722,0,brak aktywności,2025-06-02T22:12:15.152591
8792009665,2025-06-02 22:12:19,20,728,0,brak aktywności,2025-06-02T22:12:19.161204
5047581668,2025-06-02 22:12:20,9398,1895,91,dużo kalorii,2025-06-02T22:12:20.164521
1644430081,2025-06-02 22:12:23,9921,3098,5,dużo kalorii,2025-06-02T22:12:23.174968
4445114986,2025-06-02 22:12:26,5406,2317,0,dużo kalorii; brak aktywności,2025-06-02T22:12:26.186325
4057192912,2025-06-02 22:12:27,2275,2005,0,dużo kalorii; brak aktywności,2025-06-02T22:12:27.190235
6673394459,2025-06-02 22:12:28,22373,1134,55,dużo kroków,2025-06-02T22:12:28.191442
4445114986,2025-06-02 22:12:29,2600,2032,0,dużo kalorii; brak aktywności,2025-06-02T22:12:29.194672
3372868164,2025-06-02 22:12:30,4460,1787,0,brak aktywności,2025-06-02T22:12:30.197501
4702921684,2025-06-02 22:12:32,7583,2915,3,dużo kalorii,2025-06-02T22:12:32.201153
1503960366,2025-06-02 22:12:33,12262,1868,47,dużo kalorii,2025-06-02T22:12:33.204846
6117666160,2025-06-02 22:12:39,0,0,0,brak aktywności,2025-06-02T22:12:39.218780
8877689391,2025-06-02 22:12:40,18700,3527,67,dużo kalorii,2025-06-02T22:12:40.222862
1927972279,2025-06-02 22:12:42,2234,2344,0,dużo kalorii; brak aktywności,2025-06-02T22:12:42.229883
4752071509,2025-06-02 22:12:43,23690,1587,63,dużo kroków,2025-06-02T22:12:43.231002
8877689391,2025-06-02 22:12:44,15260,3864,106,dużo kalorii,2025-06-02T22:12:44.236349
1624580081,2025-06-02 22:12:45,1552,1300,0,brak aktywności,2025-06-02T22:12:45.241184
2599981863,2025-06-02 22:12:47,17001,1983,132,dużo kalorii,2025-06-02T22:12:47.247925
5553957443,2025-06-02 22:12:48,9938,2019,38,dużo kalorii,2025-06-02T22:12:48.250610
5577150313,2025-06-02 22:12:49,4363,2486,8,dużo kalorii,2025-06-02T22:12:49.252830
2022484408,2025-06-02 22:12:51,18247,3021,72,dużo kalorii,2025-06-02T22:12:51.258920
4057192912,2025-06-02 22:12:53,2275,2005,0,dużo kalorii; brak aktywności,2025-06-02T22:12:53.264904
1503960366,2025-06-02 22:12:55,12432,1883,32,dużo kalorii,2025-06-02T22:12:55.271008
4558609924,2025-06-02 22:12:57,1260,722,0,brak aktywności,2025-06-02T22:12:57.277340
6305423448,2025-06-02 22:13:01,5907,1880,19,dużo kalorii,2025-06-02T22:13:01.288358
1644430081,2025-06-02 22:13:02,2819,2444,4,dużo kalorii,2025-06-02T22:13:02.293231
8583815059,2025-06-02 22:13:06,2380,2400,0,dużo kalorii; brak aktywności,2025-06-02T22:13:06.321432
4746931853,2025-06-02 22:13:07,18549,1986,121,dużo kalorii,2025-06-02T22:13:07.310533
1844505072,2025-06-02 22:13:08,0,1347,0,brak aktywności,2025-06-02T22:13:08.311838
5229424010,2025-06-02 22:13:09,21977,1877,2,dużo kalorii,2025-06-02T22:13:09.312019
6962181067,2025-06-02 22:13:11,10467,2014,9,dużo kalorii,2025-06-02T22:13:11.321286
