timestamp,liczba_anomalii,srednia_kroki,mediana_kroki,srednia_kalorie,mediana_kalorie,srednia_aktywnosc,mediana_aktywnosc
2025-06-02T22:03:28.613071,1,3246.0,3246.0,1882.0,1882.0,65.0,65.0
2025-06-02T22:03:28.647256,2,1623.0,1623.0,1603.0,1603.0,32.5,32.5
2025-06-02T22:03:28.703346,3,3305.33,3246.0,2018.0,1882.0,26.67,15.0
2025-06-02T22:03:28.757798,4,3944.25,4553.5,1983.0,1880.0,25.0,17.5
2025-06-02T22:03:28.814642,5,7878.0,5861.0,1968.2,1882.0,32.2,20.0
2025-06-02T22:03:28.867458,6,6565.0,4553.5,1878.33,1880.0,26.83,17.5
2025-06-02T22:03:28.938686,7,6078.43,3246.0,1961.71,1882.0,23.0,15.0
2025-06-02T22:03:28.993273,8,6703.62,4553.5,2187.12,1895.5,30.5,17.5
2025-06-02T22:03:29.056566,9,6852.78,5861.0,2269.11,1909.0,29.11,18.0
2025-06-02T22:03:29.114433,10,6167.5,4553.5,2248.2,1984.5,26.2,16.5
2025-06-02T22:03:29.175991,11,5606.82,3246.0,2166.27,1909.0,23.82,15.0
2025-06-02T22:03:29.215470,12,5585.5,4298.5,2263.92,1984.5,23.08,15.0
2025-06-02T22:03:29.264119,13,5731.08,5351.0,2277.38,2060.0,23.23,15.0
2025-06-02T22:03:29.320634,14,5633.36,4857.0,2292.29,2249.5,22.14,15.0
2025-06-02T22:03:29.376503,15,6058.47,5351.0,2283.33,2158.0,23.2,15.0
2025-06-02T22:03:29.440657,16,7223.56,5606.0,2226.19,2109.0,24.31,16.5
2025-06-02T22:03:29.483562,17,7673.53,5861.0,2355.82,2158.0,34.76,18.0
2025-06-02T22:03:29.526526,18,7608.28,6180.0,2373.67,2298.5,32.83,16.5
2025-06-02T22:03:29.563188,19,8659.0,6499.0,2470.84,2439.0,37.21,18.0
2025-06-02T22:03:29.625491,20,8397.75,6180.0,2452.35,2298.5,35.4,16.5
2025-06-02T22:03:29.686471,21,8399.38,6499.0,2428.57,2158.0,33.71,15.0
2025-06-02T22:03:29.733185,22,9089.91,6584.5,2383.64,2129.5,38.77,16.5
2025-06-02T22:03:29.788712,23,8694.7,6499.0,2369.57,2101.0,37.09,15.0
2025-06-02T22:03:29.850750,24,8683.5,6584.5,2369.17,2129.5,35.62,15.0
2025-06-02T22:03:29.907760,25,8398.4,6499.0,2327.48,2101.0,34.2,15.0
2025-06-02T22:03:29.947200,26,8413.0,6584.5,2366.73,2129.5,32.88,11.5
2025-06-02T22:03:29.991613,27,8348.15,6662.0,2396.19,2158.0,31.67,8.0
2025-06-02T22:03:30.042433,28,8163.68,6580.5,2370.61,2129.5,30.54,5.0
2025-06-02T22:03:30.093186,29,8123.52,6662.0,2356.1,2101.0,29.48,2.0
2025-06-02T22:03:30.147338,30,8190.93,6666.0,2367.57,2129.5,28.53,1.5
2025-06-02T22:03:30.207489,31,8001.16,6662.0,2334.1,2101.0,27.61,1.0
2025-06-02T22:03:30.267802,32,8233.75,6666.0,2331.44,2129.5,28.34,1.5
2025-06-02T22:03:30.331514,33,8715.64,6670.0,2383.18,2158.0,30.12,2.0
2025-06-02T22:03:30.383065,34,9148.35,6834.5,2348.94,2129.5,31.29,5.0
2025-06-02T22:03:30.433390,35,9577.11,6999.0,2305.71,2101.0,33.71,8.0
2025-06-02T22:03:30.475174,36,9311.08,6834.5,2291.0,2080.5,32.78,5.0
2025-06-02T22:03:30.517168,37,9394.81,6999.0,2301.89,2101.0,31.89,2.0
2025-06-02T22:03:30.563377,38,9437.16,7238.5,2289.18,2080.5,31.92,5.0
2025-06-02T22:03:30.612906,39,9674.67,7478.0,2320.92,2101.0,32.82,8.0
2025-06-02T22:03:30.689308,40,9819.28,7762.0,2323.85,2129.5,33.28,11.5
2025-06-02T22:03:30.757376,41,10136.05,8046.0,2276.41,2101.0,34.93,15.0
2025-06-02T22:03:30.827193,42,9954.79,7762.0,2280.38,2129.5,34.1,11.5
2025-06-02T22:03:30.885255,43,9729.74,7478.0,2244.67,2101.0,33.3,8.0
2025-06-02T22:03:30.947310,44,9538.82,7238.5,2204.77,2080.5,32.55,5.0
2025-06-02T22:03:31.013152,45,9570.62,7478.0,2196.22,2060.0,32.49,8.0
2025-06-02T22:03:31.088595,46,9507.5,7238.5,2199.24,2080.5,32.3,11.5
2025-06-02T22:03:31.153292,47,9776.55,7478.0,2187.09,2060.0,33.66,15.0
2025-06-02T22:03:31.218492,48,9940.42,7762.0,2180.73,2060.0,35.4,15.0
2025-06-02T22:03:31.285095,49,10020.04,8046.0,2177.04,2060.0,37.18,15.0
2025-06-02T22:03:31.348836,50,9819.64,7762.0,2171.06,2030.0,36.44,15.0
2025-06-02T22:03:31.388333,51,9715.31,7478.0,2153.75,2000.0,35.73,15.0
2025-06-02T22:03:31.428859,52,9655.04,7238.5,2170.63,2030.0,35.04,11.5
2025-06-02T22:03:31.487286,53,9573.17,6999.0,2164.09,2000.0,34.38,8.0
2025-06-02T22:03:31.538628,54,9558.44,7238.5,2186.02,2030.0,33.74,5.0
2025-06-02T22:03:31.589009,55,9384.65,6999.0,2179.36,2000.0,33.13,2.0
2025-06-02T22:03:31.637560,56,9483.88,7238.5,2176.11,1998.5,35.23,5.0
2025-06-02T22:03:31.703344,57,9317.49,6999.0,2169.09,1997.0,34.61,2.0
2025-06-02T22:03:31.768585,58,9537.97,7238.5,2153.47,1975.0,36.84,5.0
2025-06-02T22:03:31.835498,59,9565.56,7478.0,2171.24,1997.0,36.27,3.0
2025-06-02T22:03:31.883982,60,9661.35,7762.0,2178.07,1998.5,36.7,5.5
2025-06-02T22:03:31.939715,61,9502.97,7478.0,2165.79,1997.0,36.1,3.0
2025-06-02T22:03:32.003053,62,9577.16,7762.0,2167.26,1998.5,36.26,5.5
2025-06-02T22:03:32.068993,63,9524.56,7478.0,2163.11,1997.0,35.68,3.0
2025-06-02T22:03:32.128260,64,9426.84,7238.5,2162.64,1998.5,35.12,2.5
2025-06-02T22:03:32.191127,65,9379.42,6999.0,2159.6,1997.0,34.58,2.0
2025-06-02T22:03:32.262636,66,9390.55,7238.5,2158.64,1998.5,34.33,2.5
2025-06-02T22:03:32.333019,67,9337.87,6999.0,2154.45,1997.0,34.12,3.0
2025-06-02T22:03:32.388883,68,9280.04,6834.5,2156.84,1998.5,33.62,2.5
2025-06-02T22:03:32.438637,69,9175.96,6670.0,2137.03,1997.0,33.13,2.0
2025-06-02T22:03:32.492973,70,9143.16,6775.0,2148.87,1998.5,32.76,2.5
2025-06-02T22:03:32.537292,71,9026.92,6670.0,2137.41,1997.0,32.3,2.0
2025-06-02T22:03:32.589007,72,9043.33,6775.0,2136.94,1998.5,31.88,2.0
2025-06-02T22:03:32.637332,73,9258.45,6880.0,2126.04,1997.0,31.6,2.0
2025-06-02T22:03:32.698341,74,9202.82,6775.0,2117.78,1981.0,31.18,2.0
2025-06-02T22:03:32.766697,75,9108.2,6670.0,2143.01,1997.0,31.17,2.0
2025-06-02T22:03:32.839470,76,9280.71,6775.0,2129.62,1981.0,32.75,2.5
2025-06-02T22:03:32.903271,77,9321.34,6880.0,2136.95,1997.0,32.32,2.0
2025-06-02T22:03:32.948918,78,9382.6,6939.5,2145.96,1998.5,32.69,2.5
2025-06-02T22:03:33.003243,79,9334.23,6880.0,2147.86,2000.0,32.28,2.0
2025-06-02T22:03:33.055421,80,9573.76,6939.5,2177.59,2030.0,33.48,2.5
2025-06-02T22:03:33.118585,81,9551.99,6999.0,2186.89,2060.0,33.14,3.0
2025-06-02T22:03:33.183230,82,9708.34,7238.5,2174.05,2030.0,33.4,4.5
2025-06-02T22:03:33.246978,83,9882.4,7478.0,2157.93,2000.0,34.4,6.0
2025-06-02T22:03:33.316766,84,10052.08,7644.0,2180.32,2030.0,35.02,6.5
2025-06-02T22:03:33.369295,85,10011.76,7478.0,2183.19,2060.0,34.61,6.0
2025-06-02T22:03:33.420503,86,9993.94,7644.0,2179.92,2030.0,35.26,6.5
2025-06-02T22:03:33.467465,87,9973.59,7810.0,2179.9,2060.0,34.99,7.0
2025-06-02T22:03:33.518635,88,9918.62,7644.0,2181.18,2060.0,34.59,6.5
2025-06-02T22:03:33.563239,89,9807.18,7478.0,2176.64,2060.0,34.2,6.0
2025-06-02T22:03:33.607877,90,9812.14,7644.0,2175.78,2060.0,34.06,6.5
2025-06-02T22:03:33.658260,91,9814.22,7810.0,2173.95,2060.0,33.74,6.0
2025-06-02T22:03:33.707261,92,9707.54,7644.0,2171.18,2034.5,33.37,5.5
2025-06-02T22:03:33.775341,93,9641.92,7478.0,2168.58,2009.0,33.69,6.0
2025-06-02T22:03:33.823206,94,9570.31,7238.5,2160.96,2004.5,33.33,5.5
2025-06-02T22:03:33.872955,95,9716.38,7478.0,2159.15,2000.0,34.49,6.0
2025-06-02T22:03:33.920622,96,9615.24,7238.5,2155.27,1998.5,34.14,5.5
2025-06-02T22:03:33.973693,97,9634.29,7478.0,2158.78,2000.0,34.18,6.0
2025-06-02T22:03:34.025125,98,9768.7,7644.0,2140.62,1998.5,34.86,6.5
2025-06-02T22:03:34.078235,99,9747.2,7640.0,2137.64,1997.0,34.54,6.0
2025-06-02T22:03:34.129536,100,9839.25,7725.0,2140.63,1998.5,34.92,6.5
2025-06-02T22:03:34.175578,101,9879.17,7810.0,2138.62,1997.0,34.69,7.0
2025-06-02T22:03:34.238342,102,9949.75,7928.0,2148.79,1998.5,35.34,7.5
2025-06-02T22:03:34.293143,103,9981.6,8046.0,2146.69,1997.0,35.38,8.0
2025-06-02T22:03:34.347144,104,10080.21,8134.5,2164.79,1998.5,35.37,10.0
2025-06-02T22:03:34.418854,105,10100.9,8223.0,2163.64,2000.0,35.34,12.0
2025-06-02T22:03:34.473910,106,10119.2,8324.5,2161.02,1998.5,35.27,12.0
2025-06-02T22:03:34.536826,107,10024.63,8223.0,2158.77,1997.0,34.94,12.0
2025-06-02T22:03:34.593059,108,10043.01,8324.5,2158.76,1998.5,34.97,12.0
2025-06-02T22:03:34.651498,109,10044.53,8426.0,2158.26,2000.0,34.67,12.0
2025-06-02T22:03:34.723172,110,10059.52,8429.0,2164.0,2004.5,34.9,12.0
2025-06-02T22:03:34.789421,111,10030.14,8426.0,2161.41,2000.0,34.8,12.0
2025-06-02T22:03:34.873243,112,10161.58,8429.0,2158.39,1998.5,35.17,12.0
2025-06-02T22:03:34.939915,113,10110.33,8426.0,2169.77,2000.0,34.86,12.0
2025-06-02T22:03:34.993239,114,10101.92,8429.0,2179.72,2004.5,34.77,12.0
2025-06-02T22:03:35.065197,115,10041.55,8426.0,2182.17,2009.0,34.47,12.0
2025-06-02T22:03:35.117624,116,10077.22,8429.0,2194.99,2026.5,34.8,12.0
2025-06-02T22:03:35.183057,117,10004.35,8426.0,2187.34,2009.0,34.5,12.0
2025-06-02T22:03:35.243175,118,10068.8,8429.0,2187.06,2026.5,34.97,12.0
2025-06-02T22:03:35.307482,119,10046.61,8426.0,2197.58,2044.0,34.82,12.0
2025-06-02T22:03:35.379221,120,9986.38,8324.5,2199.63,2052.0,34.57,12.0
2025-06-02T22:03:35.443031,121,10026.76,8426.0,2218.07,2060.0,35.95,12.0
2025-06-02T22:03:35.502895,122,10147.45,8429.0,2214.84,2052.0,36.28,13.5
2025-06-02T22:03:35.571135,123,10208.11,8432.0,2214.34,2060.0,36.71,15.0
2025-06-02T22:03:35.644803,124,10323.52,8455.5,2211.79,2052.0,37.04,15.0
2025-06-02T22:03:35.707157,125,10330.01,8479.0,2219.89,2060.0,36.75,15.0
2025-06-02T22:03:35.773125,126,10288.79,8455.5,2220.47,2060.0,36.46,13.5
2025-06-02T22:03:35.837240,127,10278.29,8479.0,2222.53,2060.0,36.17,12.0
2025-06-02T22:03:35.903374,128,10238.16,8455.5,2217.0,2060.0,35.89,12.0
2025-06-02T22:03:35.979365,129,10223.95,8432.0,2216.51,2060.0,35.73,12.0
2025-06-02T22:03:36.047216,130,10169.77,8429.0,2210.39,2060.0,35.45,12.0
2025-06-02T22:03:36.119751,131,10199.77,8432.0,2215.2,2060.0,35.65,12.0
2025-06-02T22:03:36.173111,132,10192.33,8455.5,2210.09,2060.0,35.38,12.0
2025-06-02T22:03:36.229070,133,10196.82,8479.0,2213.15,2060.0,35.11,12.0
2025-06-02T22:03:36.293140,134,10169.87,8455.5,2217.69,2078.0,34.85,12.0
2025-06-02T22:03:36.358996,135,10124.55,8432.0,2215.95,2060.0,35.87,12.0
2025-06-02T22:03:36.423374,136,10229.64,8455.5,2204.71,2060.0,36.14,12.0
2025-06-02T22:03:36.483269,137,10228.74,8479.0,2207.36,2060.0,36.18,12.0
2025-06-02T22:03:36.546565,138,10204.23,8455.5,2205.63,2060.0,35.98,12.0
2025-06-02T22:03:36.610765,139,10303.4,8479.0,2200.61,2060.0,35.73,12.0
2025-06-02T22:03:36.679139,140,10407.85,8628.5,2188.02,2052.0,35.53,12.0
2025-06-02T22:03:36.737636,141,10364.52,8479.0,2193.01,2060.0,35.3,12.0
2025-06-02T22:03:36.796890,142,10361.4,8628.5,2199.39,2060.0,35.08,10.5
2025-06-02T22:03:36.873025,143,10288.94,8479.0,2194.0,2060.0,34.84,9.0
2025-06-02T22:03:36.933014,144,10230.72,8455.5,2188.08,2052.0,34.6,8.5
2025-06-02T22:03:37.013214,145,10226.68,8479.0,2186.6,2044.0,35.33,9.0
2025-06-02T22:03:37.087466,146,10202.3,8455.5,2187.62,2052.0,35.25,10.5
2025-06-02T22:03:37.163219,147,10285.62,8479.0,2186.34,2044.0,35.41,12.0
2025-06-02T22:03:37.248682,148,10235.17,8455.5,2188.08,2052.0,35.2,10.5
2025-06-02T22:03:37.308062,149,10173.93,8432.0,2181.97,2044.0,34.97,9.0
2025-06-02T22:03:37.390535,150,10158.39,8429.0,2186.95,2052.0,34.78,8.5
2025-06-02T22:03:37.469220,151,10214.31,8432.0,2184.5,2044.0,35.37,9.0
2025-06-02T22:03:37.531588,152,10162.09,8429.0,2180.19,2026.5,35.14,8.5
2025-06-02T22:03:37.573294,153,10109.88,8426.0,2181.37,2044.0,34.91,8.0
2025-06-02T22:03:37.618557,154,10059.49,8415.5,2173.29,2026.5,34.68,7.5
2025-06-02T22:03:37.672990,155,10029.63,8405.0,2171.45,2009.0,34.46,7.0
2025-06-02T22:03:37.719531,156,10080.12,8415.5,2169.36,2004.5,35.28,7.5
2025-06-02T22:03:37.773027,157,10067.47,8405.0,2168.22,2000.0,35.56,8.0
2025-06-02T22:03:37.821631,158,10017.03,8314.0,2159.5,2000.0,35.34,7.5
2025-06-02T22:03:37.867979,159,9966.3,8223.0,2158.37,2000.0,35.11,7.0
2025-06-02T22:03:37.918224,160,10017.19,8314.0,2157.23,1998.5,35.02,7.5
2025-06-02T22:03:37.976722,161,10096.17,8405.0,2146.94,1997.0,35.72,8.0
2025-06-02T22:03:38.020381,162,10174.26,8415.5,2144.42,1994.0,35.64,8.5
2025-06-02T22:03:38.061384,163,10257.96,8426.0,2142.18,1991.0,35.55,9.0
2025-06-02T22:03:38.108688,164,10266.63,8429.0,2144.8,1994.0,35.64,10.5
2025-06-02T22:03:38.160521,165,10224.94,8426.0,2142.91,1991.0,35.61,12.0
2025-06-02T22:03:38.222853,166,10188.36,8415.5,2147.93,1994.0,35.4,10.5
2025-06-02T22:03:38.310529,167,10239.32,8426.0,2156.19,1997.0,35.59,12.0
2025-06-02T22:03:38.356414,168,10252.24,8429.0,2159.39,1998.5,35.38,10.5
2025-06-02T22:03:38.402951,169,10307.89,8432.0,2163.67,2000.0,35.18,9.0
2025-06-02T22:03:38.448837,170,10247.26,8429.0,2161.65,1998.5,34.98,8.5
2025-06-02T22:03:38.523044,171,10212.85,8426.0,2163.55,2000.0,34.82,8.0
2025-06-02T22:03:38.611978,172,10174.24,8415.5,2158.94,1998.5,34.62,8.0
2025-06-02T22:03:38.682066,173,10156.72,8405.0,2166.75,2000.0,34.42,8.0
2025-06-02T22:03:38.744154,174,10140.59,8314.0,2165.27,1998.5,34.22,7.5
2025-06-02T22:03:38.795747,175,10119.82,8223.0,2169.39,2000.0,34.05,7.0
2025-06-02T22:03:38.839289,176,10191.49,8314.0,2159.9,1998.5,34.69,7.5
2025-06-02T22:03:38.897199,177,10272.05,8405.0,2154.49,1997.0,34.59,8.0
2025-06-02T22:03:38.948639,178,10255.92,8314.0,2162.01,1998.5,34.79,8.0
2025-06-02T22:03:39.016418,179,10244.12,8223.0,2161.82,2000.0,34.62,8.0
2025-06-02T22:03:39.068078,180,10243.19,8314.0,2161.83,2000.0,34.49,8.0
2025-06-02T22:03:39.153050,181,10241.51,8405.0,2161.04,2000.0,34.51,8.0
2025-06-02T22:03:39.263807,182,10185.24,8314.0,2159.29,2000.0,34.32,8.0
2025-06-02T22:03:39.328945,183,10175.85,8405.0,2159.85,2000.0,34.15,8.0
2025-06-02T22:03:39.381609,184,10120.55,8314.0,2157.76,2000.0,33.96,7.5
2025-06-02T22:03:39.439532,185,10095.81,8223.0,2162.26,2000.0,33.78,7.0
2025-06-02T22:03:39.512868,186,10048.67,8183.5,2153.26,2000.0,33.6,7.0
2025-06-02T22:03:39.582216,187,10011.96,8144.0,2150.73,2000.0,33.42,7.0
2025-06-02T22:03:39.644093,188,9981.95,8119.5,2157.61,2000.0,33.24,7.0
2025-06-02T22:03:39.728434,189,10056.05,8144.0,2154.17,2000.0,33.07,7.0
2025-06-02T22:03:39.782945,190,10047.61,8183.5,2158.65,2000.0,32.95,7.0
2025-06-02T22:03:39.828031,191,10060.56,8223.0,2157.27,2000.0,33.02,7.0
2025-06-02T22:03:39.882868,192,10060.24,8314.0,2153.68,1998.5,32.84,7.0
2025-06-02T22:03:39.937427,193,10137.27,8405.0,2144.79,1997.0,32.71,7.0
2025-06-02T22:03:39.984623,194,10123.66,8314.0,2142.71,1994.0,32.54,7.0
2025-06-02T22:03:40.049465,195,10090.24,8223.0,2141.62,1991.0,32.7,7.0
2025-06-02T22:03:40.113567,196,10101.32,8314.0,2140.22,1990.0,32.77,7.0
2025-06-02T22:03:40.181495,197,10167.49,8405.0,2133.88,1989.0,32.97,7.0
2025-06-02T22:03:40.227267,198,10161.41,8415.5,2141.27,1990.0,33.35,7.0
2025-06-02T22:03:40.278299,199,10179.41,8426.0,2140.08,1989.0,33.55,7.0
2025-06-02T22:03:40.332857,200,10166.0,8415.5,2138.08,1985.5,33.38,7.0
2025-06-02T22:03:40.372891,201,10235.85,8426.0,2131.07,1982.0,33.46,7.0
2025-06-02T22:03:40.432784,202,10241.84,8429.0,2130.42,1985.5,34.08,7.5
2025-06-02T22:03:40.478602,203,10260.85,8432.0,2133.92,1989.0,34.21,8.0
2025-06-02T22:03:40.536347,204,10248.27,8429.0,2133.19,1987.0,34.1,8.0
2025-06-02T22:03:40.588773,205,10288.76,8432.0,2132.47,1986.0,34.53,8.0
2025-06-02T22:03:40.632871,206,10307.25,8442.0,2132.74,1987.5,34.6,8.5
2025-06-02T22:03:40.681410,207,10370.05,8452.0,2130.91,1986.0,34.61,9.0
2025-06-02T22:03:40.737629,208,10355.91,8442.0,2137.2,1987.5,34.53,9.0
2025-06-02T22:03:40.798324,209,10352.83,8452.0,2136.77,1989.0,34.4,9.0
2025-06-02T22:03:40.877726,210,10303.53,8442.0,2136.4,1990.0,34.23,8.5
2025-06-02T22:03:40.953158,211,10289.55,8432.0,2136.86,1991.0,34.16,9.0
2025-06-02T22:03:41.017337,212,10263.21,8429.0,2135.34,1990.0,34.0,8.5
2025-06-02T22:03:41.078579,213,10225.71,8426.0,2132.5,1989.0,33.84,8.0
2025-06-02T22:03:41.146516,214,10212.87,8415.5,2133.93,1990.0,33.8,8.5
2025-06-02T22:03:41.200637,215,10175.95,8405.0,2133.33,1991.0,33.64,8.0
2025-06-02T22:03:41.264288,216,10175.69,8415.5,2135.88,1994.0,33.62,8.5
2025-06-02T22:03:41.319617,217,10242.83,8426.0,2132.22,1991.0,33.53,9.0
2025-06-02T22:03:41.367426,218,10217.89,8415.5,2132.66,1994.0,33.37,8.5
2025-06-02T22:03:41.413621,219,10171.26,8405.0,2129.08,1991.0,33.22,8.0
2025-06-02T22:03:41.459182,220,10178.49,8415.5,2137.22,1994.0,33.18,8.5
2025-06-02T22:03:41.513120,221,10141.41,8405.0,2133.66,1991.0,33.03,8.0
2025-06-02T22:03:41.583335,222,10115.41,8314.0,2139.56,1994.0,32.88,8.0
2025-06-02T22:03:41.679118,223,10103.43,8223.0,2139.87,1997.0,32.73,8.0
2025-06-02T22:03:41.749354,224,10103.45,8314.0,2141.79,1998.5,32.77,8.0
2025-06-02T22:03:41.808170,225,10079.89,8223.0,2142.16,2000.0,32.62,8.0
2025-06-02T22:03:41.872196,226,10075.71,8314.0,2141.5,1998.5,33.16,8.0
2025-06-02T22:03:41.937520,227,10135.91,8405.0,2135.0,1997.0,33.72,8.0
2025-06-02T22:03:42.007328,228,10107.95,8314.0,2131.89,1994.5,33.57,8.0
2025-06-02T22:03:42.062871,229,10107.5,8405.0,2133.31,1997.0,33.43,8.0
2025-06-02T22:03:42.120388,230,10073.7,8314.0,2133.17,1998.5,33.29,7.5
2025-06-02T22:03:42.191083,231,10052.32,8223.0,2133.86,2000.0,33.15,7.0
2025-06-02T22:03:42.250458,232,10040.19,8183.5,2136.16,2000.0,33.01,7.0
2025-06-02T22:03:42.393164,233,9997.1,8144.0,2133.12,2000.0,32.87,7.0
2025-06-02T22:03:42.551119,234,9967.97,8119.5,2130.08,1998.5,32.73,7.0
2025-06-02T22:03:42.701130,235,9946.54,8095.0,2128.28,1997.0,32.59,7.0
2025-06-02T22:03:42.775653,236,10009.8,8119.5,2124.32,1994.5,33.03,7.0
2025-06-02T22:03:42.836619,237,10068.78,8144.0,2121.72,1992.0,32.9,7.0
2025-06-02T22:03:42.896576,238,10078.61,8183.5,2124.12,1994.5,32.76,7.0
2025-06-02T22:03:42.953430,239,10088.46,8223.0,2123.11,1992.0,32.76,7.0
2025-06-02T22:03:43.013158,240,10096.46,8314.0,2123.26,1994.5,32.78,7.0
2025-06-02T22:03:43.072973,241,10091.2,8405.0,2123.37,1997.0,32.65,7.0
2025-06-02T22:03:43.131946,242,10049.5,8314.0,2122.35,1994.5,32.51,7.0
2025-06-02T22:03:43.187576,243,10038.71,8223.0,2127.77,1997.0,32.45,7.0
2025-06-02T22:03:43.244784,244,10020.8,8183.5,2126.64,1994.5,32.32,7.0
2025-06-02T22:03:43.311180,245,10030.36,8223.0,2126.89,1997.0,32.27,7.0
2025-06-02T22:03:43.383305,246,10023.82,8314.0,2124.07,1994.5,32.14,7.0
2025-06-02T22:03:43.453216,247,10083.57,8405.0,2120.81,1992.0,32.66,7.0
2025-06-02T22:03:43.507524,248,10061.43,8314.0,2121.38,1994.5,32.55,7.0
2025-06-02T22:03:43.565211,249,10085.6,8405.0,2122.85,1997.0,32.48,7.0
2025-06-02T22:03:43.616737,250,10073.84,8314.0,2128.4,1998.5,32.35,7.0
2025-06-02T22:03:43.681367,251,10128.6,8405.0,2127.71,1997.0,32.59,7.0
2025-06-02T22:03:43.809872,252,10128.67,8413.5,2129.98,1998.5,32.47,7.0
2025-06-02T22:03:43.911345,253,10115.65,8405.0,2132.57,2000.0,32.36,7.0
2025-06-02T22:03:43.969342,254,10097.73,8314.0,2138.67,2000.0,32.23,6.5
2025-06-02T22:03:44.026651,255,10058.13,8223.0,2137.42,2000.0,32.11,6.0
2025-06-02T22:03:44.076565,256,10058.16,8314.0,2138.08,2000.0,32.0,6.0
2025-06-02T22:03:44.126362,257,10063.63,8405.0,2139.47,2000.0,32.02,6.0
2025-06-02T22:03:44.176459,258,10049.21,8314.0,2138.8,2000.0,31.9,6.0
2025-06-02T22:03:44.226649,259,10049.08,8405.0,2137.68,2000.0,31.83,6.0
2025-06-02T22:03:44.287655,260,10099.42,8413.5,2132.89,1998.5,31.99,6.5
2025-06-02T22:03:44.354202,261,10098.74,8422.0,2136.59,2000.0,31.89,6.0
2025-06-02T22:03:44.477355,262,10151.29,8424.0,2130.36,1998.5,32.24,6.5
2025-06-02T22:03:44.581756,263,10125.16,8422.0,2127.6,1997.0,32.12,6.0
2025-06-02T22:03:44.655677,264,10143.41,8424.0,2127.11,1997.0,32.57,6.5
2025-06-02T22:03:44.714051,265,10175.62,8426.0,2126.34,1997.0,32.59,7.0
2025-06-02T22:03:44.797260,266,10222.87,8429.0,2124.88,1994.5,32.55,7.0
2025-06-02T22:03:44.849253,267,10212.4,8426.0,2129.81,1997.0,32.5,7.0
2025-06-02T22:03:44.898251,268,10174.3,8424.0,2128.65,1994.5,32.38,7.0
2025-06-02T22:03:44.952917,269,10190.59,8426.0,2128.28,1997.0,32.42,7.0
2025-06-02T22:03:45.017260,270,10244.64,8429.0,2125.29,1994.5,32.89,7.0
2025-06-02T22:03:45.081580,271,10251.21,8432.0,2125.43,1997.0,32.94,7.0
2025-06-02T22:03:45.143019,272,10296.44,8442.0,2123.93,1994.5,32.86,7.0
2025-06-02T22:03:45.192127,273,10270.7,8432.0,2123.96,1997.0,32.74,7.0
2025-06-02T22:03:45.249641,274,10337.22,8442.0,2132.73,1997.0,33.08,7.0
2025-06-02T22:03:45.319285,275,10299.63,8432.0,2125.89,1997.0,32.96,7.0
2025-06-02T22:03:45.394927,276,10270.83,8429.0,2121.58,1994.5,32.84,7.0
2025-06-02T22:03:45.467013,277,10263.9,8426.0,2127.33,1997.0,32.99,7.0
2025-06-02T22:03:45.524993,278,10293.21,8429.0,2126.58,1994.5,33.45,7.0
2025-06-02T22:03:45.582957,279,10342.15,8432.0,2121.35,1992.0,33.49,7.0
2025-06-02T22:03:45.648263,280,10305.22,8429.0,2113.78,1991.5,33.38,7.0
2025-06-02T22:03:45.713291,281,10357.25,8432.0,2107.81,1991.0,33.28,7.0
2025-06-02T22:03:45.863312,282,10366.1,8442.0,2106.0,1990.0,33.16,7.0
2025-06-02T22:03:45.954865,283,10377.87,8452.0,2102.78,1989.0,33.05,7.0
2025-06-02T22:03:46.034344,284,10344.0,8442.0,2096.01,1987.5,32.93,7.0
2025-06-02T22:03:46.094440,285,10316.2,8432.0,2095.45,1986.0,32.81,7.0
2025-06-02T22:03:46.160706,286,10331.03,8442.0,2095.22,1987.5,32.85,7.0
2025-06-02T22:03:46.215546,287,10334.23,8452.0,2094.34,1986.0,32.87,7.0
2025-06-02T22:03:46.278894,288,10304.63,8442.0,2091.84,1985.5,32.76,7.0
2025-06-02T22:03:46.339321,289,10311.91,8452.0,2092.01,1986.0,32.82,7.0
2025-06-02T22:03:46.380174,290,10285.42,8442.0,2093.84,1987.5,32.71,7.0
2025-06-02T22:03:46.431621,291,10331.22,8452.0,2093.21,1986.0,32.81,7.0
2025-06-02T22:03:46.481495,292,10338.42,8460.0,2092.49,1985.5,32.8,7.0
2025-06-02T22:03:46.530066,293,10310.78,8452.0,2094.24,1986.0,32.69,7.0
2025-06-02T22:03:46.580744,294,10350.46,8460.0,2093.5,1985.5,32.59,7.0
2025-06-02T22:03:46.630591,295,10323.28,8452.0,2093.53,1986.0,32.48,7.0
2025-06-02T22:03:46.686469,296,10329.08,8460.0,2092.82,1985.5,32.47,7.0
2025-06-02T22:03:46.745575,297,10295.28,8452.0,2088.44,1985.0,32.36,7.0
2025-06-02T22:03:46.807193,298,10336.72,8460.0,2083.39,1983.5,32.56,7.0
2025-06-02T22:03:46.865260,299,10380.61,8468.0,2081.86,1982.0,32.81,7.0
2025-06-02T22:03:46.918853,300,10369.33,8460.0,2081.42,1981.0,32.7,7.0
2025-06-02T22:03:46.976422,301,10348.59,8452.0,2084.08,1982.0,32.59,7.0
2025-06-02T22:03:47.040687,302,10394.31,8460.0,2079.94,1981.0,32.86,7.0
2025-06-02T22:03:47.098708,303,10373.71,8452.0,2082.9,1982.0,32.76,7.0
2025-06-02T22:03:47.157600,304,10378.05,8460.0,2085.23,1983.5,32.85,7.0
2025-06-02T22:03:47.236698,305,10421.37,8468.0,2083.11,1982.0,33.21,7.0
2025-06-02T22:03:47.309021,306,10462.58,8473.5,2079.87,1981.0,33.29,7.0
2025-06-02T22:03:47.378193,307,10505.55,8479.0,2074.61,1980.0,33.46,7.0
2025-06-02T22:03:47.445267,308,10475.05,8473.5,2072.03,1978.0,33.35,7.0
2025-06-02T22:03:47.514194,309,10441.72,8468.0,2070.9,1976.0,33.24,7.0
2025-06-02T22:03:47.578190,310,10412.93,8460.0,2069.0,1974.5,33.14,7.0
2025-06-02T22:03:47.642034,311,10403.38,8452.0,2069.45,1976.0,33.03,7.0
2025-06-02T22:03:47.697190,312,10405.63,8460.0,2069.42,1978.0,32.97,7.0
2025-06-02T22:03:47.754252,313,10412.26,8468.0,2069.74,1980.0,33.04,7.0
2025-06-02T22:03:47.811468,314,10385.25,8460.0,2068.26,1978.0,32.93,7.0
2025-06-02T22:03:47.879173,315,10410.73,8468.0,2067.79,1976.0,33.34,7.0
2025-06-02T22:03:47.932696,316,10446.8,8473.5,2067.38,1974.5,33.3,7.0
2025-06-02T22:03:48.005119,317,10425.12,8468.0,2065.18,1973.0,33.2,7.0
2025-06-02T22:03:48.068933,318,10409.21,8460.0,2064.63,1971.0,33.09,7.0
2025-06-02T22:03:48.138414,319,10414.99,8468.0,2064.56,1973.0,33.09,7.0
2025-06-02T22:03:48.211509,320,10382.44,8460.0,2063.66,1971.0,32.99,7.0
2025-06-02T22:03:48.274517,321,10396.3,8468.0,2062.87,1969.0,33.0,7.0
2025-06-02T22:03:48.331083,322,10366.37,8460.0,2057.03,1967.0,32.9,7.0
2025-06-02T22:03:48.393864,323,10360.5,8468.0,2057.66,1969.0,32.8,7.0
2025-06-02T22:03:48.453719,324,10401.82,8468.0,2053.08,1967.0,33.15,7.0
2025-06-02T22:03:48.518772,325,10394.73,8468.0,2052.89,1969.0,33.29,7.0
2025-06-02T22:03:48.580381,326,10396.6,8468.0,2052.17,1967.0,33.29,7.0
2025-06-02T22:03:48.639742,327,10369.85,8468.0,2051.87,1965.0,33.19,7.0
2025-06-02T22:03:48.691327,328,10338.23,8460.0,2051.89,1967.0,33.09,7.0
2025-06-02T22:03:48.749428,329,10342.42,8468.0,2051.25,1965.0,33.34,7.0
2025-06-02T22:03:48.807468,330,10320.91,8460.0,2050.74,1965.0,33.44,7.0
2025-06-02T22:03:48.870062,331,10323.37,8468.0,2054.28,1965.0,33.34,7.0
2025-06-02T22:03:48.946363,332,10327.64,8468.0,2053.64,1965.0,33.39,7.0
2025-06-02T22:03:49.014519,333,10330.4,8468.0,2053.01,1965.0,33.41,7.0
2025-06-02T22:03:49.085641,334,10367.28,8473.5,2048.6,1960.0,33.59,7.0
2025-06-02T22:03:49.143741,335,10369.09,8479.0,2050.18,1965.0,33.52,7.0
2025-06-02T22:03:49.195348,336,10410.07,8628.5,2056.1,1965.0,33.68,7.5
2025-06-02T22:03:49.260064,337,10386.01,8479.0,2055.96,1965.0,33.58,7.0
2025-06-02T22:03:49.347582,338,10361.51,8473.5,2061.74,1967.0,33.57,7.5
2025-06-02T22:03:49.406926,339,10347.59,8468.0,2061.43,1965.0,33.48,7.0
2025-06-02T22:03:49.454146,340,10317.16,8468.0,2060.59,1965.0,33.38,7.0
2025-06-02T22:03:49.508212,341,10315.99,8468.0,2064.6,1965.0,33.45,7.0
2025-06-02T22:03:49.557343,342,10291.53,8468.0,2064.35,1967.0,33.36,7.0
2025-06-02T22:03:49.602063,343,10334.05,8468.0,2061.81,1965.0,33.66,7.0
2025-06-02T22:03:49.663223,344,10304.01,8468.0,2061.28,1965.0,33.56,7.0
2025-06-02T22:03:49.724699,345,10323.42,8468.0,2061.05,1965.0,33.85,7.0
2025-06-02T22:03:49.811043,346,10318.18,8473.5,2060.73,1965.0,34.07,7.5
2025-06-02T22:03:49.863503,347,10291.01,8468.0,2058.64,1965.0,33.97,7.0
2025-06-02T22:03:49.915073,348,10266.64,8468.0,2056.67,1961.5,33.87,7.0
2025-06-02T22:03:49.961475,349,10259.38,8468.0,2060.13,1965.0,33.83,7.0
2025-06-02T22:03:50.027275,350,10279.0,8468.0,2055.77,1961.5,33.73,7.0
2025-06-02T22:03:50.078432,351,10273.87,8468.0,2055.33,1958.0,33.89,7.0
2025-06-02T22:03:50.131790,352,10273.14,8473.5,2054.75,1956.5,33.84,7.5
2025-06-02T22:03:50.180187,353,10254.86,8468.0,2055.24,1958.0,33.75,7.0
2025-06-02T22:03:50.231177,354,10251.7,8473.5,2055.06,1961.5,34.08,7.5
2025-06-02T22:03:50.297979,355,10248.55,8479.0,2054.88,1965.0,34.42,8.0
2025-06-02T22:03:50.377873,356,10247.85,8479.0,2053.24,1961.5,34.33,7.5
2025-06-02T22:03:50.431365,357,10219.15,8479.0,2052.46,1958.0,34.23,7.0
2025-06-02T22:03:50.487530,358,10254.31,8479.0,2047.79,1956.5,34.42,7.5
2025-06-02T22:03:50.559923,359,10253.35,8479.0,2048.9,1958.0,34.32,7.0
2025-06-02T22:03:50.623180,360,10258.91,8495.0,2048.45,1956.5,34.32,7.5
2025-06-02T22:03:50.680725,361,10230.99,8479.0,2047.56,1955.0,34.22,7.0
2025-06-02T22:03:50.743010,362,10202.75,8479.0,2043.13,1954.0,34.13,7.0
2025-06-02T22:03:50.808727,363,10216.82,8479.0,2044.61,1955.0,34.2,7.0
2025-06-02T22:03:50.858529,364,10249.69,8495.0,2041.36,1954.0,34.2,7.5
2025-06-02T22:03:50.943319,365,10239.76,8479.0,2037.7,1953.0,34.1,7.0
2025-06-02T22:03:51.020059,366,10233.77,8479.0,2040.12,1954.0,34.06,7.5
2025-06-02T22:03:51.113149,367,10209.72,8479.0,2039.51,1953.0,33.97,7.0
2025-06-02T22:03:51.194372,368,10208.18,8479.0,2039.33,1954.0,34.26,7.5
2025-06-02T22:03:51.267435,369,10180.52,8479.0,2037.67,1953.0,34.17,7.0
2025-06-02T22:03:51.334772,370,10175.78,8473.5,2038.54,1954.0,34.08,7.0
2025-06-02T22:03:51.404976,371,10182.68,8479.0,2038.29,1953.0,34.14,7.0
2025-06-02T22:03:51.506958,372,10155.31,8473.5,2037.58,1952.5,34.05,7.0
2025-06-02T22:03:51.584263,373,10134.09,8468.0,2039.11,1953.0,33.95,7.0
2025-06-02T22:03:51.642134,374,10173.2,8473.5,2038.49,1952.5,33.94,7.0
2025-06-02T22:03:51.744684,375,10166.89,8468.0,2040.87,1953.0,33.86,7.0
2025-06-02T22:03:51.822042,376,10148.49,8468.0,2040.44,1952.5,33.95,7.0
2025-06-02T22:03:51.918680,377,10145.84,8468.0,2043.8,1953.0,33.92,7.0
2025-06-02T22:03:52.227369,378,10178.51,8473.5,2043.25,1952.5,34.17,7.5
2025-06-02T22:03:52.278920,379,10156.68,8468.0,2041.4,1952.0,34.08,7.0
2025-06-02T22:03:52.330538,380,10195.09,8473.5,2040.72,1951.0,34.39,7.5
2025-06-02T22:03:52.401599,381,10171.51,8468.0,2041.28,1952.0,34.3,7.0
2025-06-02T22:03:52.464510,382,10178.53,8473.5,2040.12,1951.0,34.21,7.0
2025-06-02T22:03:52.525311,383,10178.06,8479.0,2040.03,1952.0,34.14,7.0
2025-06-02T22:03:52.593125,384,10158.76,8473.5,2038.35,1951.0,34.05,7.0
2025-06-02T22:03:52.655755,385,10164.79,8479.0,2038.69,1952.0,34.1,7.0
2025-06-02T22:03:52.727395,386,10143.39,8473.5,2036.88,1951.0,34.01,7.0
2025-06-02T22:03:52.798261,387,10119.78,8468.0,2034.92,1950.0,33.93,7.0
2025-06-02T22:03:52.861574,388,10093.7,8468.0,2034.42,1950.0,33.84,7.0
2025-06-02T22:03:52.917156,389,10070.04,8468.0,2032.62,1950.0,33.75,7.0
2025-06-02T22:03:52.968225,390,10072.28,8468.0,2033.41,1950.0,33.68,7.0
2025-06-02T22:03:53.029102,391,10107.44,8468.0,2033.21,1950.0,33.84,7.0
2025-06-02T22:03:53.085043,392,10111.84,8473.5,2032.73,1950.0,33.88,7.0
2025-06-02T22:03:53.148925,393,10086.11,8468.0,2028.57,1950.0,33.79,7.0
2025-06-02T22:03:53.200376,394,10094.81,8473.5,2030.56,1950.0,33.87,7.0
2025-06-02T22:03:53.299490,395,10078.77,8468.0,2029.03,1950.0,33.78,7.0
2025-06-02T22:03:53.371524,396,10115.82,8473.5,2027.29,1949.5,33.73,7.0
2025-06-02T22:03:53.440331,397,10111.31,8468.0,2027.06,1949.0,33.64,7.0
2025-06-02T22:03:53.509393,398,10104.09,8468.0,2028.66,1949.5,33.56,7.0
2025-06-02T22:03:53.573874,399,10117.51,8468.0,2029.69,1950.0,33.61,7.0
2025-06-02T22:03:53.635364,400,10100.18,8468.0,2028.82,1949.5,33.52,7.0
2025-06-02T22:03:53.712341,401,10088.3,8468.0,2028.5,1949.0,33.44,7.0
2025-06-02T22:03:53.777302,402,10063.61,8460.0,2028.05,1946.5,33.36,7.0
2025-06-02T22:03:53.833741,403,10058.95,8452.0,2030.42,1949.0,33.27,7.0
2025-06-02T22:03:53.905577,404,10063.85,8460.0,2030.06,1946.5,33.26,7.0
2025-06-02T22:03:53.984535,405,10100.14,8468.0,2029.51,1944.0,33.25,7.0
2025-06-02T22:03:54.064212,406,10109.43,8468.0,2029.28,1941.0,33.19,7.0
2025-06-02T22:03:54.129156,407,10102.88,8468.0,2029.73,1944.0,33.11,7.0
2025-06-02T22:03:54.200471,408,10078.12,8460.0,2029.8,1946.5,33.03,7.0
2025-06-02T22:03:54.273232,409,10078.59,8468.0,2029.83,1949.0,32.96,7.0
2025-06-02T22:03:54.347459,410,10070.07,8460.0,2031.76,1949.5,32.88,6.5
2025-06-02T22:03:54.435207,411,10055.78,8452.0,2031.14,1949.0,32.8,6.0
2025-06-02T22:03:54.502896,412,10068.41,8460.0,2035.59,1949.5,32.97,6.5
2025-06-02T22:03:54.576710,413,10060.18,8452.0,2037.56,1950.0,32.93,7.0
2025-06-02T22:03:54.645107,414,10063.19,8460.0,2037.68,1950.0,32.95,7.0
2025-06-02T22:03:54.702985,415,10063.87,8468.0,2039.06,1950.0,32.87,7.0
2025-06-02T22:03:54.804842,416,10039.68,8460.0,2038.78,1950.0,32.79,6.5
2025-06-02T22:03:54.917505,417,10049.02,8468.0,2044.04,1950.0,32.97,7.0
2025-06-02T22:03:55.009939,418,10025.01,8460.0,2041.03,1950.0,32.89,6.5
2025-06-02T22:03:55.117193,419,10001.96,8452.0,2040.99,1950.0,32.81,6.0
2025-06-02T22:03:55.218123,420,9984.86,8442.0,2041.95,1951.0,32.74,6.0
2025-06-02T22:03:55.346561,421,9971.11,8432.0,2042.35,1952.0,32.66,6.0
2025-06-02T22:03:55.450444,422,9962.9,8429.0,2044.35,1952.5,32.59,6.0
2025-06-02T22:03:55.556526,423,9939.35,8426.0,2042.58,1952.0,32.52,6.0
2025-06-02T22:03:55.631008,424,9928.68,8426.0,2043.09,1952.5,32.44,5.5
2025-06-02T22:03:55.708652,425,9912.23,8426.0,2042.08,1952.0,32.36,5.0
2025-06-02T22:03:55.809568,426,9896.58,8424.0,2041.71,1951.0,32.44,5.5
2025-06-02T22:03:55.893533,427,9892.14,8422.0,2042.16,1952.0,32.43,6.0
2025-06-02T22:03:56.014993,428,9924.16,8424.0,2039.48,1951.0,32.57,6.0
2025-06-02T22:03:56.111784,429,9901.04,8422.0,2038.87,1950.0,32.49,6.0
2025-06-02T22:03:56.193229,430,9888.18,8413.5,2042.14,1951.0,32.41,5.5
2025-06-02T22:03:56.275151,431,9902.98,8422.0,2043.92,1952.0,32.44,6.0
2025-06-02T22:03:56.357564,432,9904.81,8424.0,2045.75,1952.5,32.39,6.0
2025-06-02T22:03:56.449541,433,9881.94,8422.0,2044.14,1952.0,32.31,6.0
2025-06-02T22:03:56.526066,434,9880.0,8424.0,2044.36,1952.5,32.25,5.5
2025-06-02T22:03:56.604580,435,9882.91,8426.0,2045.17,1953.0,32.23,6.0
2025-06-02T22:03:56.678723,436,9885.72,8426.0,2045.19,1954.0,32.19,6.0
2025-06-02T22:03:56.743097,437,9913.0,8426.0,2044.95,1953.0,32.16,6.0
2025-06-02T22:03:56.820601,438,9922.18,8429.0,2049.95,1954.0,32.33,6.0
2025-06-02T22:03:56.927603,439,9916.33,8426.0,2050.36,1955.0,32.3,6.0
2025-06-02T22:03:57.012984,440,9910.8,8426.0,2050.33,1955.0,32.23,6.0
2025-06-02T22:03:57.098650,441,9910.2,8426.0,2050.15,1955.0,32.47,6.0
2025-06-02T22:03:57.179211,442,9918.35,8429.0,2051.88,1956.5,32.55,6.5
2025-06-02T22:03:57.259238,443,9951.91,8432.0,2050.23,1955.0,32.84,7.0
2025-06-02T22:03:57.342878,444,9935.36,8429.0,2048.78,1955.0,32.76,6.5
2025-06-02T22:03:57.426503,445,9949.9,8432.0,2047.24,1955.0,32.69,6.0
2025-06-02T22:03:57.526413,446,9927.59,8429.0,2046.86,1954.0,32.61,6.0
2025-06-02T22:03:57.615604,447,9923.27,8426.0,2047.28,1955.0,32.6,6.0
2025-06-02T22:03:57.698194,448,9955.34,8429.0,2045.92,1954.0,32.75,6.5
2025-06-02T22:03:57.779497,449,9974.82,8432.0,2049.21,1955.0,32.82,7.0
2025-06-02T22:03:57.850596,450,9975.2,8442.0,2050.66,1955.0,32.75,6.5
2025-06-02T22:03:57.907175,451,9954.03,8432.0,2047.5,1955.0,32.68,6.0
2025-06-02T22:03:57.963184,452,9944.54,8429.0,2049.13,1955.0,32.61,6.0
2025-06-02T22:03:58.028571,453,9975.02,8432.0,2045.87,1955.0,32.85,6.0
2025-06-02T22:03:58.089686,454,9987.06,8442.0,2046.32,1955.0,32.89,6.5
2025-06-02T22:03:58.153469,455,9965.11,8432.0,2045.72,1955.0,32.82,6.0
2025-06-02T22:03:58.219917,456,9949.64,8429.0,2044.42,1954.0,32.75,6.0
2025-06-02T22:03:58.290029,457,9982.17,8432.0,2041.7,1953.0,32.84,6.0
2025-06-02T22:03:58.367545,458,9991.17,8442.0,2042.17,1954.0,32.87,6.5
2025-06-02T22:03:58.420613,459,9972.6,8432.0,2041.98,1953.0,32.8,6.0
2025-06-02T22:03:58.501842,460,9969.33,8442.0,2042.46,1954.0,32.73,6.0
2025-06-02T22:03:58.580045,461,9947.7,8432.0,2040.9,1953.0,32.66,6.0
2025-06-02T22:03:58.660698,462,9979.47,8442.0,2037.18,1953.0,32.97,6.0
2025-06-02T22:03:58.733926,463,9967.85,8432.0,2036.43,1953.0,32.9,6.0
2025-06-02T22:03:58.823324,464,9994.75,8442.0,2036.36,1953.0,32.96,6.0
2025-06-02T22:03:58.895242,465,9998.55,8452.0,2040.41,1953.0,32.94,6.0
2025-06-02T22:03:58.983941,466,10003.09,8460.0,2043.23,1954.0,32.87,6.0
2025-06-02T22:03:59.056618,467,10021.39,8468.0,2043.11,1955.0,33.06,6.0
2025-06-02T22:03:59.131792,468,10053.01,8468.0,2040.46,1954.0,33.15,6.5
2025-06-02T22:03:59.208905,469,10057.52,8468.0,2042.23,1955.0,33.12,7.0
2025-06-02T22:03:59.286616,470,10041.03,8468.0,2040.71,1954.0,33.04,6.5
2025-06-02T22:03:59.359159,471,10067.79,8468.0,2037.62,1953.0,33.17,7.0
2025-06-02T22:03:59.436616,472,10070.1,8468.0,2039.05,1954.0,33.23,7.0
2025-06-02T22:03:59.505043,473,10060.47,8468.0,2038.72,1953.0,33.16,7.0
2025-06-02T22:03:59.560152,474,10089.85,8468.0,2037.6,1953.0,33.09,6.5
2025-06-02T22:03:59.635282,475,10075.3,8468.0,2036.3,1953.0,33.02,6.0
2025-06-02T22:03:59.703178,476,10068.5,8468.0,2037.88,1953.0,32.96,6.0
2025-06-02T22:03:59.754994,477,10061.28,8468.0,2038.69,1953.0,32.9,6.0
2025-06-02T22:03:59.823356,478,10061.83,8468.0,2041.37,1954.0,32.83,6.0
2025-06-02T22:03:59.886406,479,10088.91,8468.0,2039.39,1953.0,32.88,6.0
2025-06-02T22:03:59.960197,480,10081.11,8468.0,2038.08,1953.0,32.81,6.0
2025-06-02T22:04:00.027938,481,10069.51,8468.0,2036.52,1953.0,32.74,6.0
2025-06-02T22:04:00.094305,482,10076.84,8468.0,2037.78,1953.0,32.82,6.0
2025-06-02T22:04:00.157250,483,10104.95,8468.0,2034.52,1953.0,32.93,6.0
2025-06-02T22:04:00.219874,484,10133.94,8468.0,2038.67,1953.0,33.04,6.0
2025-06-02T22:04:00.273374,485,10134.34,8468.0,2042.15,1953.0,32.97,6.0
2025-06-02T22:04:00.321634,486,10122.33,8468.0,2043.9,1954.0,32.91,6.0
2025-06-02T22:04:00.374401,487,10103.13,8468.0,2044.07,1955.0,32.84,6.0
2025-06-02T22:04:00.434659,488,10132.26,8468.0,2042.54,1954.0,33.11,6.0
2025-06-02T22:04:00.507599,489,10144.39,8468.0,2044.69,1955.0,33.24,6.0
2025-06-02T22:04:00.564913,490,10172.06,8473.5,2041.36,1954.0,33.34,6.0
2025-06-02T22:04:00.621342,491,10151.34,8468.0,2040.25,1953.0,33.27,6.0
2025-06-02T22:04:00.677604,492,10168.13,8473.5,2040.01,1953.0,33.53,6.0
2025-06-02T22:04:00.756576,493,10147.51,8468.0,2035.87,1953.0,33.46,6.0
2025-06-02T22:04:00.826460,494,10154.69,8473.5,2034.17,1952.5,33.39,6.0
2025-06-02T22:04:00.898238,495,10134.17,8468.0,2030.06,1952.0,33.33,6.0
2025-06-02T22:04:00.962927,496,10131.73,8473.5,2029.78,1951.0,33.31,6.0
2025-06-02T22:04:01.030474,497,10156.91,8479.0,2026.87,1950.0,33.44,6.0
2025-06-02T22:04:01.089381,498,10139.04,8473.5,2027.22,1951.0,33.37,6.0
2025-06-02T22:04:01.159579,499,10127.46,8468.0,2028.14,1952.0,33.32,6.0
2025-06-02T22:04:01.222967,500,10135.18,8473.5,2031.79,1952.5,33.34,6.0
2025-06-02T22:04:01.285525,501,10140.73,8479.0,2034.59,1953.0,33.4,6.0
2025-06-02T22:04:01.360036,502,10142.65,8479.0,2034.64,1953.0,33.36,6.5
2025-06-02T22:04:01.450145,503,10133.82,8479.0,2036.52,1953.0,33.29,6.0
2025-06-02T22:04:01.530962,504,10144.39,8479.0,2037.32,1954.0,33.33,6.5
2025-06-02T22:04:01.594116,505,10127.3,8479.0,2036.22,1953.0,33.26,6.0
2025-06-02T22:04:01.657612,506,10137.71,8479.0,2037.59,1954.0,33.29,6.5
2025-06-02T22:04:01.711756,507,10120.77,8479.0,2036.14,1953.0,33.22,6.0
2025-06-02T22:04:01.770085,508,10149.32,8479.0,2032.77,1953.0,33.5,6.5
2025-06-02T22:04:01.831279,509,10147.75,8479.0,2037.19,1953.0,33.55,7.0
2025-06-02T22:04:01.893944,510,10145.75,8495.0,2037.58,1954.0,33.49,7.0
2025-06-02T22:04:01.948334,511,10160.36,8511.0,2037.81,1955.0,33.6,7.0
2025-06-02T22:04:02.009385,512,10153.53,8495.0,2040.01,1955.0,33.54,7.0
2025-06-02T22:04:02.063165,513,10159.89,8511.0,2040.4,1955.0,33.56,7.0
2025-06-02T22:04:02.137177,514,10140.12,8495.0,2039.89,1955.0,33.49,7.0
2025-06-02T22:04:02.202988,515,10131.81,8479.0,2039.57,1955.0,33.47,7.0
2025-06-02T22:04:02.259008,516,10122.48,8479.0,2039.16,1954.0,33.4,7.0
2025-06-02T22:04:02.314590,517,10108.53,8479.0,2038.02,1953.0,33.34,7.0
2025-06-02T22:04:02.368987,518,10108.32,8479.0,2037.97,1954.0,33.28,6.5
2025-06-02T22:04:02.437323,519,10121.49,8479.0,2037.67,1953.0,33.51,7.0
2025-06-02T22:04:02.565199,520,10102.02,8479.0,2037.72,1954.0,33.45,6.5
2025-06-02T22:04:02.621371,521,10094.93,8479.0,2037.66,1955.0,33.42,7.0
2025-06-02T22:04:02.679689,522,10087.59,8473.5,2037.41,1954.0,33.35,6.5
2025-06-02T22:04:02.744410,523,10068.3,8468.0,2036.05,1953.0,33.29,6.0
2025-06-02T22:04:02.813749,524,10094.54,8473.5,2035.89,1954.0,33.4,6.5
2025-06-02T22:04:02.879068,525,10108.02,8479.0,2038.05,1955.0,33.53,7.0
2025-06-02T22:04:02.946447,526,10094.55,8473.5,2039.06,1955.0,33.46,6.5
2025-06-02T22:04:03.011044,527,10075.39,8468.0,2038.83,1955.0,33.4,6.0
2025-06-02T22:04:03.086524,528,10056.31,8468.0,2037.48,1954.0,33.34,6.0
2025-06-02T22:04:03.158493,529,10060.14,8468.0,2038.69,1955.0,33.37,6.0
2025-06-02T22:04:03.221093,530,10087.19,8473.5,2036.86,1954.0,33.62,6.5
2025-06-02T22:04:03.303326,531,10090.84,8479.0,2037.1,1955.0,33.65,7.0
2025-06-02T22:04:03.403396,532,10107.02,8479.0,2039.9,1955.0,33.71,7.0
2025-06-02T22:04:03.483545,533,10101.03,8479.0,2040.53,1955.0,33.7,7.0
2025-06-02T22:04:03.565626,534,10125.76,8479.0,2039.99,1955.0,33.71,7.0
2025-06-02T22:04:03.645416,535,10117.38,8479.0,2039.84,1955.0,33.65,7.0
2025-06-02T22:04:03.758475,536,10108.85,8473.5,2041.61,1955.0,33.59,7.0
2025-06-02T22:04:03.831240,537,10113.94,8479.0,2045.5,1955.0,33.74,7.0
2025-06-02T22:04:03.906650,538,10106.49,8473.5,2047.85,1956.5,33.67,7.0
2025-06-02T22:04:03.978295,539,10133.0,8479.0,2046.04,1955.0,33.92,7.0
2025-06-02T22:04:04.044876,540,10158.22,8479.0,2043.31,1955.0,34.13,7.0
2025-06-02T22:04:04.114126,541,10159.79,8479.0,2042.9,1955.0,34.13,7.0
2025-06-02T22:04:04.191681,542,10151.15,8479.0,2042.89,1955.0,34.06,7.0
2025-06-02T22:04:04.264250,543,10174.32,8479.0,2040.05,1955.0,34.27,7.0
2025-06-02T22:04:04.378382,544,10161.54,8479.0,2040.86,1955.0,34.21,7.0
2025-06-02T22:04:04.448284,545,10156.89,8479.0,2040.91,1955.0,34.19,7.0
2025-06-02T22:04:04.507438,546,10142.13,8473.5,2041.49,1956.5,34.13,7.0
2025-06-02T22:04:04.558364,547,10143.96,8479.0,2042.13,1958.0,34.11,7.0
2025-06-02T22:04:04.623808,548,10136.88,8473.5,2041.89,1956.5,34.05,7.0
2025-06-02T22:04:04.672022,549,10129.97,8468.0,2040.73,1955.0,33.99,7.0
2025-06-02T22:04:04.729726,550,10115.79,8468.0,2040.84,1956.5,33.93,7.0
2025-06-02T22:04:04.781666,551,10134.07,8468.0,2043.26,1958.0,34.09,7.0
2025-06-02T22:04:04.832288,552,10119.51,8468.0,2040.99,1956.5,34.03,7.0
2025-06-02T22:04:04.921015,553,10103.95,8468.0,2039.98,1955.0,33.97,7.0
2025-06-02T22:04:04.986455,554,10102.36,8468.0,2039.08,1955.0,33.91,6.5
2025-06-02T22:04:05.055338,555,10084.45,8468.0,2038.74,1955.0,33.85,6.0
2025-06-02T22:04:05.113007,556,10082.36,8468.0,2038.47,1955.0,33.83,6.5
2025-06-02T22:04:05.173749,557,10086.58,8468.0,2038.2,1955.0,33.83,7.0
2025-06-02T22:04:05.229113,558,10087.67,8473.5,2039.62,1955.0,33.79,7.0
2025-06-02T22:04:05.281312,559,10073.31,8468.0,2038.02,1955.0,33.73,7.0
2025-06-02T22:04:05.344038,560,10094.88,8473.5,2037.29,1954.0,33.84,7.0
2025-06-02T22:04:05.411747,561,10096.4,8479.0,2037.83,1955.0,33.79,7.0
2025-06-02T22:04:05.471445,562,10090.3,8473.5,2038.36,1955.0,33.78,7.0
2025-06-02T22:04:05.532942,563,10113.77,8479.0,2037.85,1955.0,33.78,7.0
2025-06-02T22:04:05.586451,564,10112.04,8479.0,2037.77,1955.0,33.99,7.0
2025-06-02T22:04:05.639874,565,10137.86,8479.0,2036.59,1955.0,34.01,7.0
2025-06-02T22:04:05.710316,566,10159.77,8495.0,2034.83,1954.0,34.18,7.0
2025-06-02T22:04:05.764777,567,10149.96,8479.0,2034.22,1953.0,34.12,7.0
2025-06-02T22:04:05.819331,568,10140.55,8479.0,2034.56,1954.0,34.06,7.0
2025-06-02T22:04:05.876753,569,10130.88,8479.0,2036.83,1955.0,34.0,7.0
2025-06-02T22:04:05.928898,570,10113.1,8473.5,2036.37,1954.0,33.94,7.0
2025-06-02T22:04:05.989009,571,10099.11,8468.0,2036.51,1955.0,33.88,7.0
2025-06-02T22:04:06.052961,572,10101.98,8473.5,2036.17,1954.0,33.91,7.0
2025-06-02T22:04:06.109017,573,10099.77,8479.0,2039.2,1955.0,33.98,7.0
2025-06-02T22:04:06.178004,574,10125.41,8479.0,2037.05,1954.0,34.05,7.0
2025-06-02T22:04:06.237858,575,10126.77,8479.0,2038.63,1955.0,34.05,7.0
2025-06-02T22:04:06.304020,576,10151.07,8495.0,2035.83,1954.0,34.14,7.0
2025-06-02T22:04:06.375373,577,10148.08,8479.0,2034.78,1953.0,34.08,7.0
2025-06-02T22:04:06.450378,578,10169.87,8495.0,2034.27,1953.0,34.06,7.0
2025-06-02T22:04:06.529647,579,10153.02,8479.0,2033.92,1953.0,34.29,7.0
2025-06-02T22:04:06.593968,580,10174.56,8495.0,2031.42,1952.5,34.39,7.0
2025-06-02T22:04:06.646367,581,10173.48,8511.0,2033.29,1953.0,34.38,7.0
2025-06-02T22:04:06.695109,582,10195.08,8644.5,2032.79,1952.5,34.36,7.5
2025-06-02T22:04:06.745791,583,10177.59,8511.0,2029.73,1952.0,34.3,7.0
2025-06-02T22:04:06.791896,584,10181.45,8644.5,2029.48,1951.0,34.29,7.5
2025-06-02T22:04:06.852233,585,10164.05,8511.0,2028.27,1950.0,34.24,7.0
2025-06-02T22:04:06.943864,586,10170.08,8644.5,2026.85,1950.0,34.18,7.0
2025-06-02T22:04:07.021460,587,10174.08,8778.0,2026.62,1950.0,34.2,7.0
2025-06-02T22:04:07.094354,588,10185.36,8778.0,2028.43,1950.0,34.32,7.5
2025-06-02T22:04:07.156434,589,10168.07,8778.0,2032.73,1950.0,34.26,7.0
2025-06-02T22:04:07.223289,590,10176.16,8778.0,2032.67,1951.0,34.46,7.5
2025-06-02T22:04:07.298622,591,10158.94,8778.0,2032.71,1952.0,34.4,7.0
2025-06-02T22:04:07.371790,592,10158.53,8778.0,2035.07,1952.5,34.44,7.5
2025-06-02T22:04:07.445118,593,10154.24,8778.0,2034.15,1952.0,34.38,7.0
2025-06-02T22:04:07.532468,594,10177.9,8778.0,2031.95,1951.0,34.41,7.5
2025-06-02T22:04:07.596655,595,10200.91,8778.0,2029.38,1950.0,34.56,8.0
2025-06-02T22:04:07.658791,596,10193.84,8778.0,2029.83,1951.0,34.54,8.0
2025-06-02T22:04:07.731477,597,10183.61,8778.0,2029.47,1950.0,34.61,8.0
2025-06-02T22:04:07.805319,598,10184.35,8778.0,2030.79,1951.0,34.58,8.0
2025-06-02T22:04:07.864922,599,10208.72,8778.0,2029.61,1950.0,34.79,8.0
2025-06-02T22:04:07.940474,600,10191.7,8778.0,2029.18,1950.0,34.74,8.0
2025-06-02T22:04:08.010512,601,10185.26,8778.0,2028.95,1950.0,34.95,8.0
2025-06-02T22:04:08.087520,602,10195.36,8778.0,2030.25,1950.0,34.97,8.0
2025-06-02T22:04:08.172991,603,10178.45,8778.0,2029.9,1950.0,34.91,8.0
2025-06-02T22:04:08.253882,604,10166.26,8644.5,2030.57,1950.0,34.85,8.0
2025-06-02T22:04:08.358815,605,10158.65,8511.0,2031.01,1950.0,34.79,8.0
2025-06-02T22:04:08.446454,606,10176.05,8644.5,2030.96,1951.0,34.8,8.0
2025-06-02T22:04:08.537328,607,10159.29,8511.0,2031.0,1952.0,34.74,8.0
2025-06-02T22:04:08.612990,608,10142.58,8495.0,2031.05,1952.5,34.68,8.0
2025-06-02T22:04:08.683028,609,10134.36,8479.0,2030.21,1952.0,34.63,8.0
2025-06-02T22:04:08.750620,610,10118.76,8479.0,2029.94,1951.0,34.6,8.0
2025-06-02T22:04:08.810473,611,10119.89,8479.0,2031.09,1952.0,34.6,8.0
2025-06-02T22:04:08.892244,612,10118.63,8495.0,2034.77,1952.5,34.63,8.0
2025-06-02T22:04:08.965377,613,10102.12,8479.0,2031.46,1952.0,34.58,8.0
2025-06-02T22:04:09.030989,614,10096.46,8479.0,2029.3,1951.0,34.52,8.0
2025-06-02T22:04:09.097206,615,10090.89,8479.0,2030.63,1952.0,34.49,8.0
2025-06-02T22:04:09.179348,616,10074.52,8473.5,2030.23,1951.0,34.43,8.0
2025-06-02T22:04:09.246430,617,10074.03,8479.0,2032.42,1952.0,34.51,8.0
2025-06-02T22:04:09.318650,618,10077.85,8479.0,2032.17,1951.0,34.5,8.0
2025-06-02T22:04:09.378818,619,10084.83,8479.0,2032.43,1952.0,34.49,8.0
2025-06-02T22:04:09.439738,620,10082.16,8479.0,2032.95,1952.5,34.44,8.0
2025-06-02T22:04:09.489286,621,10080.63,8479.0,2032.89,1953.0,34.63,8.0
2025-06-02T22:04:09.548132,622,10075.13,8479.0,2034.7,1953.0,34.58,8.0
2025-06-02T22:04:09.604812,623,10060.93,8479.0,2033.42,1953.0,34.52,8.0
2025-06-02T22:04:09.660637,624,10048.5,8473.5,2033.39,1953.0,34.46,8.0
2025-06-02T22:04:09.717778,625,10038.91,8468.0,2033.3,1953.0,34.68,8.0
2025-06-02T22:04:09.770865,626,10037.46,8473.5,2033.24,1954.0,34.88,8.0
2025-06-02T22:04:09.841971,627,10037.84,8479.0,2033.25,1955.0,34.82,8.0
2025-06-02T22:04:09.914868,628,10067.23,8479.0,2037.22,1955.0,34.97,8.0
2025-06-02T22:04:09.970581,629,10065.26,8479.0,2037.26,1955.0,34.95,8.0
2025-06-02T22:04:10.026514,630,10088.37,8495.0,2034.54,1955.0,35.17,8.0
2025-06-02T22:04:10.084916,631,10076.77,8479.0,2033.52,1955.0,35.12,8.0
2025-06-02T22:04:10.141435,632,10099.62,8495.0,2033.39,1954.0,35.28,8.0
2025-06-02T22:04:10.203191,633,10097.11,8511.0,2033.26,1953.0,35.4,8.0
2025-06-02T22:04:10.261268,634,10085.63,8495.0,2033.9,1954.0,35.35,8.0
2025-06-02T22:04:10.330736,635,10076.28,8479.0,2035.39,1955.0,35.29,8.0
2025-06-02T22:04:10.393040,636,10073.01,8479.0,2035.7,1955.0,35.28,8.0
2025-06-02T22:04:10.473685,637,10066.78,8479.0,2036.31,1955.0,35.27,8.0
2025-06-02T22:04:10.551420,638,10064.09,8473.5,2038.93,1955.0,35.33,8.0
2025-06-02T22:04:10.617475,639,10048.35,8468.0,2038.54,1955.0,35.28,8.0
2025-06-02T22:04:10.672905,640,10049.0,8473.5,2038.5,1955.0,35.24,8.0
2025-06-02T22:04:10.734892,641,10036.88,8468.0,2037.71,1955.0,35.18,8.0
2025-06-02T22:04:10.791070,642,10024.34,8468.0,2037.97,1955.0,35.13,8.0
2025-06-02T22:04:10.844809,643,10018.49,8468.0,2037.77,1955.0,35.07,8.0
2025-06-02T22:04:10.917415,644,10009.92,8468.0,2036.6,1955.0,35.02,8.0
2025-06-02T22:04:10.985560,645,9994.4,8468.0,2036.64,1955.0,34.96,8.0
2025-06-02T22:04:11.067552,646,9979.89,8460.0,2036.37,1955.0,34.93,8.0
2025-06-02T22:04:11.128294,647,9980.43,8468.0,2038.36,1955.0,34.88,8.0
2025-06-02T22:04:11.214541,648,9965.03,8460.0,2037.98,1955.0,34.83,8.0
2025-06-02T22:04:11.329681,649,9960.28,8452.0,2039.41,1955.0,34.78,8.0
2025-06-02T22:04:11.394307,650,9955.36,8442.0,2039.24,1955.0,34.73,7.5
2025-06-02T22:04:11.457422,651,9943.35,8432.0,2039.08,1955.0,34.68,7.0
2025-06-02T22:04:11.518882,652,9949.73,8442.0,2039.41,1955.0,34.69,7.5
2025-06-02T22:04:11.581046,653,9972.4,8452.0,2039.08,1955.0,34.76,8.0
2025-06-02T22:04:11.649069,654,9984.07,8460.0,2039.26,1955.0,34.84,8.0
2025-06-02T22:04:11.720443,655,10006.16,8468.0,2037.98,1955.0,34.81,8.0
2025-06-02T22:04:11.802003,656,10025.43,8468.0,2035.76,1954.0,34.9,8.0
2025-06-02T22:04:11.869263,657,10025.26,8468.0,2037.88,1955.0,34.94,8.0
2025-06-02T22:04:11.962849,658,10015.13,8468.0,2038.88,1955.0,34.89,8.0
2025-06-02T22:04:12.028805,659,10007.71,8468.0,2040.07,1955.0,34.84,8.0
2025-06-02T22:04:12.084895,660,9995.48,8460.0,2039.41,1955.0,34.79,8.0
2025-06-02T22:04:12.149215,661,9995.13,8468.0,2040.02,1955.0,34.74,8.0
2025-06-02T22:04:12.204752,662,9983.55,8460.0,2040.11,1955.0,34.68,7.5
2025-06-02T22:04:12.270286,663,9972.09,8452.0,2040.65,1955.0,34.63,7.0
2025-06-02T22:04:12.339151,664,9959.01,8442.0,2040.53,1956.5,34.58,7.0
2025-06-02T22:04:12.400100,665,9968.8,8452.0,2043.24,1958.0,34.66,7.0
2025-06-02T22:04:12.469155,666,9981.77,8460.0,2042.9,1956.5,34.8,7.5
2025-06-02T22:04:12.559733,667,9972.21,8452.0,2042.64,1955.0,34.8,8.0
2025-06-02T22:04:12.632946,668,9963.81,8442.0,2043.3,1956.5,34.76,8.0
2025-06-02T22:04:12.701018,669,9956.93,8432.0,2042.99,1955.0,34.72,8.0
2025-06-02T22:04:12.776547,670,9977.12,8442.0,2041.69,1955.0,34.75,8.0
2025-06-02T22:04:12.835407,671,9989.24,8452.0,2041.59,1955.0,34.72,8.0
2025-06-02T22:04:12.901236,672,10008.65,8460.0,2040.18,1955.0,34.76,8.0
2025-06-02T22:04:12.972033,673,10012.15,8468.0,2040.4,1955.0,34.74,8.0
2025-06-02T22:04:13.130557,674,10019.3,8468.0,2040.06,1955.0,34.74,8.0
2025-06-02T22:04:13.193114,675,10023.49,8468.0,2039.4,1955.0,34.69,8.0
2025-06-02T22:04:13.253996,676,10016.88,8468.0,2039.07,1955.0,34.64,8.0
2025-06-02T22:04:13.314145,677,10005.55,8468.0,2037.44,1955.0,34.59,8.0
2025-06-02T22:04:13.373398,678,9990.8,8460.0,2034.81,1954.0,34.54,8.0
2025-06-02T22:04:13.442021,679,9996.84,8468.0,2035.03,1955.0,34.56,8.0
2025-06-02T22:04:13.516319,680,9983.92,8460.0,2035.36,1955.0,34.51,8.0
2025-06-02T22:04:13.589484,681,9976.0,8452.0,2035.69,1955.0,34.46,8.0
2025-06-02T22:04:13.661377,682,9980.22,8460.0,2035.04,1955.0,34.41,8.0
2025-06-02T22:04:13.745730,683,9981.96,8468.0,2036.75,1955.0,34.37,8.0
2025-06-02T22:04:13.822881,684,9969.31,8460.0,2034.49,1955.0,34.32,7.5
2025-06-02T22:04:13.886400,685,9968.69,8468.0,2036.07,1955.0,34.3,8.0
2025-06-02T22:04:13.963297,686,9967.03,8468.0,2036.11,1955.0,34.28,8.0
2025-06-02T22:04:14.025005,687,9957.15,8468.0,2035.59,1955.0,34.23,8.0
2025-06-02T22:04:14.110229,688,9942.68,8460.0,2035.28,1955.0,34.18,7.5
2025-06-02T22:04:14.275153,689,9943.43,8468.0,2037.58,1955.0,34.28,8.0
2025-06-02T22:04:14.427302,690,9943.52,8468.0,2037.54,1955.0,34.23,7.5
2025-06-02T22:04:14.485901,691,9932.33,8468.0,2036.85,1955.0,34.19,7.0
2025-06-02T22:04:14.545186,692,9917.98,8460.0,2036.88,1955.0,34.14,7.0
2025-06-02T22:04:14.608773,693,9936.25,8468.0,2034.57,1955.0,34.18,7.0
2025-06-02T22:04:14.665190,694,9926.64,8460.0,2034.71,1955.0,34.13,7.0
2025-06-02T22:04:14.724783,695,9912.36,8452.0,2033.84,1955.0,34.08,7.0
2025-06-02T22:04:14.814452,696,9909.23,8442.0,2035.61,1955.0,34.06,7.0
2025-06-02T22:04:14.880381,697,9896.29,8432.0,2034.61,1955.0,34.01,7.0
2025-06-02T22:04:14.938518,698,9891.86,8429.0,2035.12,1955.0,33.96,7.0
2025-06-02T22:04:15.062966,699,9881.31,8426.0,2035.7,1955.0,33.91,7.0
2025-06-02T22:04:15.111857,700,9873.63,8426.0,2034.63,1955.0,33.86,7.0
2025-06-02T22:04:15.169041,701,9859.54,8426.0,2034.27,1955.0,33.82,7.0
2025-06-02T22:04:15.241313,702,9864.75,8426.0,2035.37,1955.0,33.86,7.0
2025-06-02T22:04:15.301939,703,9855.49,8426.0,2036.32,1955.0,33.81,7.0
2025-06-02T22:04:15.370006,704,9857.34,8426.0,2037.29,1956.5,33.85,7.0
2025-06-02T22:04:15.433005,705,9854.11,8426.0,2038.53,1958.0,33.8,7.0
2025-06-02T22:04:15.487562,706,9849.37,8426.0,2039.73,1958.0,33.76,7.0
2025-06-02T22:04:15.558441,707,9869.13,8426.0,2039.61,1958.0,33.84,7.0
2025-06-02T22:04:15.631180,708,9889.78,8426.0,2038.86,1956.5,34.0,7.0
2025-06-02T22:04:15.686489,709,9890.42,8426.0,2039.67,1958.0,33.96,7.0
2025-06-02T22:04:15.757591,710,9879.65,8426.0,2040.47,1958.0,33.91,7.0
2025-06-02T22:04:15.812958,711,9873.56,8426.0,2040.15,1958.0,33.86,7.0
2025-06-02T22:04:15.873011,712,9868.56,8426.0,2039.94,1956.5,34.04,7.0
2025-06-02T22:04:15.934286,713,9854.76,8426.0,2038.4,1955.0,33.99,7.0
2025-06-02T22:04:15.994905,714,9856.37,8426.0,2038.09,1955.0,33.99,7.0
2025-06-02T22:04:16.051403,715,9854.37,8426.0,2037.97,1955.0,33.95,7.0
2025-06-02T22:04:16.109628,716,9863.33,8426.0,2039.05,1955.0,33.96,7.0
2025-06-02T22:04:16.173681,717,9882.25,8426.0,2037.91,1955.0,34.01,7.0
2025-06-02T22:04:16.233921,718,9868.49,8426.0,2038.78,1955.0,34.01,7.0
2025-06-02T22:04:16.342947,719,9854.76,8426.0,2038.02,1955.0,33.96,7.0
2025-06-02T22:04:16.505171,720,9843.11,8426.0,2037.91,1955.0,33.92,7.0
2025-06-02T22:04:16.569758,721,9840.06,8426.0,2037.64,1955.0,33.87,7.0
2025-06-02T22:04:16.625497,722,9841.86,8426.0,2038.13,1955.0,33.86,7.0
2025-06-02T22:04:16.685280,723,9841.76,8426.0,2038.69,1955.0,33.81,7.0
2025-06-02T22:04:16.763404,724,9833.1,8426.0,2037.77,1955.0,33.77,7.0
2025-06-02T22:04:16.841037,725,9819.53,8426.0,2037.47,1955.0,33.72,7.0
2025-06-02T22:04:16.924839,726,9822.18,8426.0,2037.2,1955.0,33.74,7.0
2025-06-02T22:04:16.999665,727,9814.34,8426.0,2038.36,1955.0,33.7,7.0
2025-06-02T22:04:17.068781,728,9802.59,8424.0,2038.58,1955.0,33.65,7.0
2025-06-02T22:04:17.131117,729,9805.17,8426.0,2039.32,1955.0,33.67,7.0
2025-06-02T22:04:17.198281,730,9799.76,8424.0,2039.1,1955.0,33.65,7.0
2025-06-02T22:04:17.271119,731,9786.36,8422.0,2038.88,1955.0,33.61,7.0
2025-06-02T22:04:17.353178,732,9782.78,8422.0,2040.08,1955.0,33.56,7.0
2025-06-02T22:04:17.423889,733,9776.05,8422.0,2039.9,1955.0,33.52,7.0
2025-06-02T22:04:17.493761,734,9777.65,8422.0,2040.31,1955.0,33.48,7.0
2025-06-02T22:04:18.241012,735,9783.63,8422.0,2042.52,1955.0,33.54,7.0
2025-06-02T22:04:20.247370,736,9774.94,8422.0,2042.24,1955.0,33.53,7.0
2025-06-02T22:04:21.254533,737,9770.37,8422.0,2042.19,1955.0,33.51,7.0
2025-06-02T22:04:26.262972,738,9770.29,8422.0,2042.2,1955.0,33.47,7.0
2025-06-02T22:04:27.265415,739,9762.75,8422.0,2041.84,1955.0,33.43,7.0
2025-06-02T22:04:28.379212,740,9753.07,8413.5,2041.83,1955.0,33.38,7.0
2025-06-02T22:04:29.427371,741,9744.15,8405.0,2041.85,1955.0,33.34,7.0
2025-06-02T22:04:31.279348,742,9737.95,8377.5,2041.14,1955.0,33.29,6.5
2025-06-02T22:04:35.324121,743,9724.85,8350.0,2040.92,1955.0,33.25,6.0
2025-06-02T22:04:36.521568,744,9730.57,8377.5,2043.36,1955.0,33.26,6.5
2025-06-02T22:04:39.309506,745,9724.8,8350.0,2043.15,1955.0,33.22,6.0
2025-06-02T22:04:40.313069,746,9724.01,8377.5,2043.08,1955.0,33.38,6.5
2025-06-02T22:04:43.330771,747,9710.99,8350.0,2042.12,1955.0,33.34,6.0
2025-06-02T22:04:44.324056,748,9702.28,8350.0,2042.66,1955.0,33.29,6.0
2025-06-02T22:04:47.335445,749,9695.74,8350.0,2042.91,1955.0,33.25,6.0
2025-06-02T22:04:50.346828,750,9693.78,8339.0,2043.09,1956.5,33.22,6.0
2025-06-02T22:04:52.353005,751,9711.54,8350.0,2041.82,1955.0,33.25,6.0
2025-06-02T22:04:53.357332,752,9709.9,8350.0,2041.64,1955.0,33.33,6.5
2025-06-02T22:04:54.359948,753,9721.46,8350.0,2041.48,1955.0,33.5,7.0
2025-06-02T22:04:55.361147,754,9722.75,8377.5,2042.53,1955.0,33.47,7.0
2025-06-02T22:04:56.366471,755,9716.68,8350.0,2041.83,1955.0,33.42,7.0
2025-06-02T22:04:57.371334,756,9726.42,8377.5,2043.33,1955.0,33.51,7.0
2025-06-02T22:04:59.394234,757,9733.18,8405.0,2043.38,1955.0,33.52,7.0
2025-06-02T22:05:00.437093,758,9747.75,8413.5,2045.52,1956.5,33.58,7.0
2025-06-02T22:05:02.702153,759,9743.35,8405.0,2045.47,1958.0,33.55,7.0
2025-06-02T22:05:03.465663,760,9746.37,8413.5,2045.26,1956.5,33.55,7.0
2025-06-02T22:05:05.437408,761,9735.26,8405.0,2045.15,1958.0,33.5,7.0
2025-06-02T22:05:06.450844,762,9732.47,8377.5,2046.33,1958.0,33.46,7.0
2025-06-02T22:05:07.457871,763,9750.99,8405.0,2044.31,1958.0,33.58,7.0
2025-06-02T22:05:10.529683,764,9748.49,8377.5,2045.46,1958.0,33.55,7.0
2025-06-02T22:05:13.602381,765,9739.05,8350.0,2045.98,1958.0,33.5,7.0
2025-06-02T22:05:15.771722,766,9742.33,8377.5,2045.98,1959.5,33.5,7.0
2025-06-02T22:05:17.613382,767,9729.63,8350.0,2045.0,1958.0,33.46,7.0
2025-06-02T22:05:18.613896,768,9737.09,8377.5,2045.51,1959.5,33.48,7.0
2025-06-02T22:05:20.621289,769,9734.48,8350.0,2047.1,1961.0,33.46,7.0
2025-06-02T22:05:21.625571,770,9734.73,8377.5,2048.46,1961.0,33.43,7.0
2025-06-02T22:05:22.629931,771,9753.4,8405.0,2051.05,1961.0,33.5,7.0
2025-06-02T22:05:23.631532,772,9769.85,8413.5,2050.98,1963.0,33.53,7.0
2025-06-02T22:05:25.640017,773,9762.45,8405.0,2050.89,1965.0,33.71,7.0
2025-06-02T22:05:26.643135,774,9759.19,8377.5,2051.69,1965.0,33.67,7.0
2025-06-02T22:05:27.646735,775,9753.91,8350.0,2052.63,1965.0,33.62,7.0
2025-06-02T22:05:28.648681,776,9772.89,8377.5,2051.93,1965.0,33.77,7.0
2025-06-02T22:05:29.655855,777,9789.13,8405.0,2051.86,1965.0,33.83,7.0
2025-06-02T22:05:30.657288,778,9777.6,8377.5,2050.84,1965.0,33.78,7.0
2025-06-02T22:05:32.658716,779,9776.77,8405.0,2050.77,1965.0,33.94,7.0
2025-06-02T22:05:35.667315,780,9793.74,8413.5,2053.52,1967.0,33.98,7.0
2025-06-02T22:05:37.677807,781,9791.73,8405.0,2053.68,1969.0,33.96,7.0
2025-06-02T22:05:38.680916,782,9787.59,8377.5,2053.57,1970.0,33.91,7.0
2025-06-02T22:05:40.693889,783,9803.93,8405.0,2051.5,1969.0,33.95,7.0
2025-06-02T22:05:42.693011,784,9805.67,8413.5,2052.97,1970.0,33.91,7.0
2025-06-02T22:05:43.694088,785,9795.16,8405.0,2052.05,1969.0,33.87,7.0
2025-06-02T22:05:48.713346,786,9786.87,8377.5,2051.22,1967.0,33.82,7.0
2025-06-02T22:05:49.717210,787,9780.28,8350.0,2051.48,1969.0,33.78,7.0
2025-06-02T22:05:50.721912,788,9767.87,8350.0,2051.13,1967.0,33.74,7.0
2025-06-02T22:05:51.722914,789,9786.44,8350.0,2049.4,1965.0,33.79,7.0
2025-06-02T22:05:54.736399,790,9785.95,8377.5,2049.21,1965.0,33.86,7.0
2025-06-02T22:05:55.741093,791,9801.36,8405.0,2048.99,1965.0,33.82,7.0
2025-06-02T22:05:56.743781,792,9794.23,8377.5,2050.16,1965.0,33.78,7.0
2025-06-02T22:05:57.747167,793,9785.15,8350.0,2050.14,1965.0,33.73,7.0
2025-06-02T22:05:58.746524,794,9804.02,8377.5,2049.83,1965.0,33.73,7.0
2025-06-02T22:05:59.750830,795,9800.79,8350.0,2050.38,1965.0,33.69,7.0
2025-06-02T22:06:00.751104,796,9801.66,8377.5,2052.6,1967.0,33.81,7.0
2025-06-02T22:06:07.772932,797,9804.45,8405.0,2052.73,1969.0,33.82,7.0
2025-06-02T22:06:08.775185,798,9818.11,8413.5,2052.67,1970.0,33.83,7.0
2025-06-02T22:06:09.782829,799,9818.36,8422.0,2052.41,1969.0,33.8,7.0
2025-06-02T22:06:10.787377,800,9814.41,8413.5,2053.8,1970.0,33.76,7.0
2025-06-02T22:06:13.795401,801,9804.78,8405.0,2052.22,1969.0,33.72,7.0
2025-06-02T22:06:14.795201,802,9822.46,8413.5,2051.54,1967.0,33.68,7.0
2025-06-02T22:06:15.800437,803,9833.4,8422.0,2051.25,1965.0,33.79,7.0
2025-06-02T22:06:17.804905,804,9853.13,8422.0,2053.3,1967.0,33.96,7.0
2025-06-02T22:06:18.807903,805,9840.89,8422.0,2053.31,1969.0,33.91,7.0
2025-06-02T22:06:19.812911,806,9840.0,8422.0,2055.47,1970.0,33.94,7.0
2025-06-02T22:06:21.816701,807,9835.57,8422.0,2055.29,1969.0,33.9,7.0
2025-06-02T22:06:27.837581,808,9853.66,8422.0,2054.23,1967.0,33.88,7.0
2025-06-02T22:06:29.843177,809,9849.94,8422.0,2054.12,1969.0,33.85,7.0
2025-06-02T22:06:31.850045,810,9844.48,8413.5,2053.92,1967.0,33.8,7.0
2025-06-02T22:06:33.855071,811,9859.96,8422.0,2052.74,1965.0,33.87,7.0
2025-06-02T22:06:34.858786,812,9847.81,8413.5,2052.45,1965.0,33.83,7.0
2025-06-02T22:06:37.868607,813,9866.14,8422.0,2051.58,1965.0,33.8,7.0
2025-06-02T22:06:43.884006,814,9854.02,8413.5,2051.37,1963.0,33.76,7.0
2025-06-02T22:06:44.888903,815,9851.8,8405.0,2052.44,1965.0,33.74,7.0
2025-06-02T22:06:46.894272,816,9870.06,8413.5,2052.11,1963.0,33.88,7.0
2025-06-02T22:06:48.899874,817,9868.27,8405.0,2052.23,1965.0,33.86,7.0
2025-06-02T22:06:50.905257,818,9867.15,8413.5,2052.76,1965.0,33.82,7.0
2025-06-02T22:06:56.933872,819,9862.17,8405.0,2052.51,1965.0,33.78,7.0
2025-06-02T22:07:01.940389,820,9862.51,8413.5,2053.3,1965.0,33.74,7.0
2025-06-02T22:07:02.945246,821,9864.74,8422.0,2054.2,1965.0,33.77,7.0
2025-06-02T22:07:05.953149,822,9853.44,8413.5,2053.89,1965.0,33.73,7.0
2025-06-02T22:07:06.956805,823,9868.98,8422.0,2052.1,1965.0,33.8,7.0
2025-06-02T22:07:07.961481,824,9857.01,8413.5,2050.15,1963.0,33.76,7.0
2025-06-02T22:07:08.964866,825,9871.8,8422.0,2048.82,1961.0,33.79,7.0
2025-06-02T22:07:14.977953,826,9876.09,8422.0,2049.06,1963.0,33.8,7.0
2025-06-02T22:07:15.981482,827,9869.54,8422.0,2048.74,1961.0,33.76,7.0
2025-06-02T22:07:16.984810,828,9864.33,8413.5,2048.46,1961.0,33.72,7.0
2025-06-02T22:07:24.011739,829,9855.21,8405.0,2048.41,1961.0,33.68,7.0
2025-06-02T22:07:26.015342,830,9850.01,8405.0,2049.55,1963.0,33.64,7.0
2025-06-02T22:07:30.030473,831,9850.75,8405.0,2049.51,1965.0,33.61,7.0
2025-06-02T22:07:31.034278,832,9855.55,8413.5,2051.0,1965.0,33.59,7.0
2025-06-02T22:07:32.036801,833,9850.38,8405.0,2050.71,1965.0,33.55,7.0
2025-06-02T22:07:33.040552,834,9843.97,8405.0,2049.8,1963.0,33.51,7.0
2025-06-02T22:07:36.045043,835,9835.89,8405.0,2049.04,1961.0,33.47,7.0
2025-06-02T22:07:37.053175,836,9835.54,8405.0,2050.32,1963.0,33.46,7.0
2025-06-02T22:07:39.054977,837,9832.72,8405.0,2051.75,1965.0,33.42,7.0
2025-06-02T22:07:41.064008,838,9823.15,8377.5,2050.94,1963.0,33.38,7.0
2025-06-02T22:07:42.064842,839,9820.26,8350.0,2052.66,1965.0,33.42,7.0
2025-06-02T22:07:45.074383,840,9836.53,8377.5,2051.62,1963.0,33.44,7.0
2025-06-02T22:07:46.079071,841,9834.35,8350.0,2051.83,1965.0,33.44,7.0
2025-06-02T22:07:49.092051,842,9835.72,8377.5,2051.55,1963.0,33.43,7.0
2025-06-02T22:07:50.092160,843,9828.1,8350.0,2051.04,1961.0,33.39,7.0
2025-06-02T22:07:54.104639,844,9816.46,8350.0,2050.72,1961.0,33.35,7.0
2025-06-02T22:07:55.107363,845,9806.58,8350.0,2050.6,1961.0,33.31,7.0
2025-06-02T22:07:58.115607,846,9811.65,8350.0,2050.77,1961.0,33.33,7.0
2025-06-02T22:07:59.120568,847,9810.12,8350.0,2050.65,1961.0,33.42,7.0
2025-06-02T22:08:00.121503,848,9807.53,8350.0,2049.98,1959.5,33.38,7.0
2025-06-02T22:08:01.123158,849,9799.81,8350.0,2049.79,1958.0,33.42,7.0
2025-06-02T22:08:03.131352,850,9801.4,8350.0,2050.57,1959.5,33.45,7.0
2025-06-02T22:08:04.131355,851,9803.63,8350.0,2051.44,1961.0,33.48,7.0
2025-06-02T22:08:05.134442,852,9792.12,8350.0,2051.23,1959.5,33.44,7.0
2025-06-02T22:08:06.139413,853,9780.65,8350.0,2050.91,1958.0,33.4,7.0
2025-06-02T22:08:07.142561,854,9773.2,8339.0,2050.42,1958.0,33.36,7.0
2025-06-02T22:08:09.168144,855,9769.56,8328.0,2051.72,1958.0,33.32,7.0
2025-06-02T22:08:11.182957,856,9766.73,8275.5,2051.55,1958.0,33.29,7.0
2025-06-02T22:08:12.177197,857,9755.34,8223.0,2051.23,1958.0,33.25,7.0
2025-06-02T22:08:13.180628,858,9772.18,8275.5,2049.53,1956.5,33.25,7.0
2025-06-02T22:08:15.190007,859,9766.17,8223.0,2049.77,1958.0,33.22,7.0
2025-06-02T22:08:16.203062,860,9758.71,8223.0,2050.53,1958.0,33.18,7.0
2025-06-02T22:08:18.201620,861,9747.38,8223.0,2050.54,1958.0,33.14,7.0
2025-06-02T22:08:19.203659,862,9736.07,8223.0,2049.69,1958.0,33.1,7.0
2025-06-02T22:08:22.215162,863,9753.41,8223.0,2048.9,1958.0,33.11,7.0
2025-06-02T22:08:24.218187,864,9768.9,8223.0,2047.57,1956.5,33.16,7.0
2025-06-02T22:08:27.227478,865,9780.95,8223.0,2049.1,1958.0,33.26,7.0
2025-06-02T22:08:29.239400,866,9778.46,8223.0,2049.13,1958.0,33.25,7.0
2025-06-02T22:08:30.241571,867,9783.14,8223.0,2050.56,1958.0,33.23,7.0
2025-06-02T22:08:31.245112,868,9783.3,8275.5,2052.14,1959.5,33.26,7.0
2025-06-02T22:08:32.249333,869,9780.09,8223.0,2051.9,1958.0,33.3,7.0
2025-06-02T22:08:40.304071,870,9768.86,8223.0,2051.59,1958.0,33.26,7.0
2025-06-02T22:08:41.305291,871,9778.78,8223.0,2051.43,1958.0,33.41,7.0
2025-06-02T22:08:42.308434,872,9769.09,8223.0,2049.64,1956.5,33.37,7.0
2025-06-02T22:08:43.310360,873,9757.9,8223.0,2048.93,1955.0,33.33,7.0
2025-06-02T22:08:47.333829,874,9750.66,8223.0,2048.99,1956.5,33.29,7.0
2025-06-02T22:08:48.335713,875,9749.95,8223.0,2050.99,1958.0,33.32,7.0
2025-06-02T22:08:50.342200,876,9738.82,8223.0,2050.79,1956.5,33.28,7.0
2025-06-02T22:08:51.344967,877,9730.31,8223.0,2050.74,1958.0,33.24,7.0
2025-06-02T22:08:58.366665,878,9721.98,8203.5,2050.61,1956.5,33.2,7.0
2025-06-02T22:09:02.401492,879,9712.3,8184.0,2050.84,1958.0,33.16,7.0
2025-06-02T22:09:03.405608,880,9701.26,8164.0,2050.85,1958.0,33.13,7.0
2025-06-02T22:09:05.405157,881,9690.25,8144.0,2050.54,1958.0,33.09,7.0
2025-06-02T22:09:06.410812,882,9679.27,8119.5,2050.24,1956.5,33.05,6.5
2025-06-02T22:09:07.412843,883,9675.0,8095.0,2051.33,1958.0,33.01,6.0
2025-06-02T22:09:09.421844,884,9690.75,8119.5,2050.02,1956.5,33.08,6.5
2025-06-02T22:09:10.428704,885,9687.34,8095.0,2049.5,1955.0,33.04,6.0
2025-06-02T22:09:15.225115,886,9686.71,8119.5,2049.71,1956.5,33.01,6.5
2025-06-02T22:09:15.659267,887,9689.62,8144.0,2049.5,1955.0,33.03,7.0
2025-06-02T22:09:16.268622,888,9684.87,8119.5,2049.49,1956.5,32.99,6.5
2025-06-02T22:09:16.442832,889,9674.23,8095.0,2047.24,1955.0,32.96,6.0
2025-06-02T22:09:19.451817,890,9665.73,8095.0,2049.45,1956.5,32.95,6.5
2025-06-02T22:09:22.233256,891,9654.88,8095.0,2049.26,1955.0,32.92,6.0
2025-06-02T22:09:22.360058,892,9671.8,8095.0,2048.46,1955.0,32.89,6.5
2025-06-02T22:09:22.478680,893,9672.53,8095.0,2049.89,1955.0,32.86,6.0
2025-06-02T22:09:24.477198,894,9688.73,8119.5,2048.53,1955.0,32.95,6.5
2025-06-02T22:09:27.741250,895,9677.91,8095.0,2047.84,1955.0,32.91,6.0
2025-06-02T22:09:28.491391,896,9683.35,8119.5,2047.82,1955.0,32.92,6.5
2025-06-02T22:09:30.509435,897,9680.09,8095.0,2047.69,1955.0,32.89,6.0
2025-06-02T22:09:31.513561,898,9680.58,8119.5,2047.74,1955.0,32.87,6.5
2025-06-02T22:09:33.518229,899,9669.81,8095.0,2046.96,1955.0,32.83,6.0
2025-06-02T22:09:34.531257,900,9666.44,8095.0,2047.77,1955.0,32.8,6.0
2025-06-02T22:09:35.534048,901,9659.2,8095.0,2047.78,1955.0,32.76,6.0
2025-06-02T22:09:36.537711,902,9656.25,8070.5,2047.56,1955.0,32.79,6.0
2025-06-02T22:09:37.542951,903,9651.66,8046.0,2047.37,1955.0,32.76,6.0
2025-06-02T22:09:38.546500,904,9645.63,8046.0,2047.55,1955.0,32.72,6.0
2025-06-02T22:09:40.552996,905,9662.26,8046.0,2046.8,1955.0,32.73,6.0
2025-06-02T22:09:43.560869,906,9662.38,8070.5,2047.24,1955.0,32.7,6.0
2025-06-02T22:09:44.568438,907,9651.72,8046.0,2047.05,1955.0,32.66,6.0
2025-06-02T22:09:48.581263,908,9656.5,8070.5,2049.04,1955.0,32.67,6.0
2025-06-02T22:09:49.585681,909,9650.33,8046.0,2048.97,1955.0,32.83,6.0
2025-06-02T22:09:50.602062,910,9645.82,8046.0,2049.25,1956.5,32.79,6.0
2025-06-02T22:09:53.611127,911,9659.87,8046.0,2049.2,1958.0,32.82,6.0
2025-06-02T22:09:55.615071,912,9650.97,8046.0,2049.05,1956.5,32.96,6.0
2025-06-02T22:09:59.628917,913,9640.41,8046.0,2048.76,1955.0,32.92,6.0
2025-06-02T22:10:02.634311,914,9632.18,8046.0,2048.83,1956.5,32.89,6.0
2025-06-02T22:10:04.644365,915,9623.0,8046.0,2047.95,1955.0,32.85,6.0
2025-06-02T22:10:08.657278,916,9614.19,8022.0,2047.13,1955.0,32.81,6.0
2025-06-02T22:10:09.665081,917,9610.59,7998.0,2046.96,1955.0,32.96,6.0
2025-06-02T22:10:11.663046,918,9600.13,7998.0,2046.66,1955.0,32.92,6.0
2025-06-02T22:10:13.685033,919,9616.62,7998.0,2046.37,1955.0,33.05,6.0
2025-06-02T22:10:14.690164,920,9611.74,7998.0,2047.21,1955.0,33.02,6.0
2025-06-02T22:10:15.693920,921,9621.44,7998.0,2047.15,1955.0,33.12,6.0
2025-06-02T22:10:16.692681,922,9611.01,7998.0,2046.96,1955.0,33.08,6.0
2025-06-02T22:10:17.699591,923,9600.6,7998.0,2045.23,1955.0,33.04,6.0
2025-06-02T22:10:18.702854,924,9590.21,7998.0,2045.24,1955.0,33.01,5.5
2025-06-02T22:10:20.708485,925,9589.71,7998.0,2047.14,1955.0,33.03,6.0
2025-06-02T22:10:24.727214,926,9598.91,7998.0,2047.06,1955.0,33.02,6.0
2025-06-02T22:10:25.727250,927,9602.06,7998.0,2046.9,1955.0,33.03,6.0
2025-06-02T22:10:27.737549,928,9606.17,8022.0,2047.11,1955.0,33.05,6.0
2025-06-02T22:10:28.741138,929,9601.97,7998.0,2048.11,1955.0,33.01,6.0
2025-06-02T22:10:29.743873,930,9602.93,8022.0,2050.02,1956.5,33.11,6.0
2025-06-02T22:10:36.773057,931,9592.81,7998.0,2048.39,1955.0,33.07,6.0
2025-06-02T22:10:37.776476,932,9600.12,8022.0,2047.66,1955.0,33.04,6.0
2025-06-02T22:10:38.781726,933,9597.24,7998.0,2048.01,1955.0,33.03,6.0
2025-06-02T22:10:41.793641,934,9595.91,8022.0,2048.17,1956.5,33.0,6.0
2025-06-02T22:10:42.798397,935,9599.46,8046.0,2049.66,1958.0,33.03,6.0
2025-06-02T22:10:43.802774,936,9596.05,8022.0,2049.62,1958.0,33.01,6.0
2025-06-02T22:10:44.806566,937,9599.08,8046.0,2049.44,1958.0,33.01,6.0
2025-06-02T22:10:45.810256,938,9595.78,8022.0,2050.33,1958.0,32.98,6.0
2025-06-02T22:10:47.816621,939,9590.16,7998.0,2050.9,1958.0,32.94,6.0
2025-06-02T22:10:48.819232,940,9605.07,8022.0,2050.75,1958.0,32.97,6.0
2025-06-02T22:10:50.826692,941,9609.42,8046.0,2049.84,1958.0,32.94,6.0
2025-06-02T22:10:53.834019,942,9611.62,8046.0,2050.4,1958.0,32.95,6.0
2025-06-02T22:10:54.838189,943,9603.65,8046.0,2050.72,1958.0,32.92,6.0
2025-06-02T22:10:56.843076,944,9597.85,8022.0,2051.6,1959.5,32.88,6.0
2025-06-02T22:10:57.848227,945,9590.18,7998.0,2050.42,1958.0,32.85,6.0
2025-06-02T22:10:59.853722,946,9581.69,7998.0,2049.66,1958.0,32.82,5.5
2025-06-02T22:11:00.857261,947,9578.71,7998.0,2049.53,1958.0,32.78,5.0
2025-06-02T22:11:01.862843,948,9571.26,7998.0,2049.94,1958.0,32.75,5.0
2025-06-02T22:11:03.868828,949,9561.98,7998.0,2047.98,1958.0,32.71,5.0
2025-06-02T22:11:04.874736,950,9562.59,7998.0,2048.66,1958.0,32.68,5.0
2025-06-02T22:11:06.944926,951,9555.93,7998.0,2049.12,1958.0,32.64,5.0
2025-06-02T22:11:09.950303,952,9572.02,7998.0,2048.01,1958.0,32.67,5.0
2025-06-02T22:11:11.958452,953,9562.41,7998.0,2047.79,1958.0,32.82,5.0
2025-06-02T22:11:12.960312,954,9561.46,7998.0,2047.7,1958.0,32.92,5.0
2025-06-02T22:11:13.963023,955,9556.61,7998.0,2047.35,1958.0,32.88,5.0
2025-06-02T22:11:15.971088,956,9571.67,7998.0,2045.9,1956.5,32.9,5.0
2025-06-02T22:11:17.978318,957,9568.05,7998.0,2047.23,1958.0,32.86,5.0
2025-06-02T22:11:23.993872,958,9558.11,7998.0,2046.95,1956.5,32.83,5.0
2025-06-02T22:11:29.019011,959,9550.77,7998.0,2047.36,1958.0,32.79,5.0
2025-06-02T22:11:32.025747,960,9542.21,7920.0,2045.74,1956.5,32.76,5.0
2025-06-02T22:11:35.037253,961,9545.19,7998.0,2046.41,1958.0,32.72,5.0
2025-06-02T22:11:36.039485,962,9541.28,7920.0,2046.21,1956.5,32.69,5.0
2025-06-02T22:11:37.040461,963,9537.15,7842.0,2046.47,1958.0,32.66,5.0
2025-06-02T22:11:39.045582,964,9536.0,7920.0,2046.8,1958.0,32.62,5.0
2025-06-02T22:11:41.051526,965,9542.12,7998.0,2047.01,1958.0,32.64,5.0
2025-06-02T22:11:42.061608,966,9532.24,7920.0,2049.61,1959.5,32.61,5.0
2025-06-02T22:11:43.062481,967,9547.98,7998.0,2049.33,1958.0,32.74,5.0
2025-06-02T22:11:44.062819,968,9538.12,7920.0,2049.05,1958.0,32.7,5.0
2025-06-02T22:11:45.065008,969,9528.27,7842.0,2048.77,1958.0,32.67,5.0
2025-06-02T22:11:49.075093,970,9521.16,7842.0,2049.36,1958.0,32.63,5.0
2025-06-02T22:11:54.093073,971,9523.84,7842.0,2050.71,1958.0,32.6,5.0
2025-06-02T22:11:55.102304,972,9514.21,7842.0,2050.5,1958.0,32.57,5.0
2025-06-02T22:11:56.100866,973,9517.64,7842.0,2050.03,1958.0,32.54,5.0
2025-06-02T22:11:58.106471,974,9514.71,7842.0,2051.18,1958.0,32.5,5.0
2025-06-02T22:11:59.112067,975,9510.06,7842.0,2050.93,1958.0,32.47,5.0
2025-06-02T22:12:00.115578,976,9525.62,7842.0,2050.23,1956.5,32.48,5.0
2025-06-02T22:12:02.119202,977,9521.4,7842.0,2050.5,1958.0,32.45,5.0
2025-06-02T22:12:03.120839,978,9512.08,7826.0,2050.28,1956.5,32.58,5.0
2025-06-02T22:12:05.124924,979,9517.08,7842.0,2050.42,1958.0,32.58,5.0
2025-06-02T22:12:07.131519,980,9509.55,7826.0,2050.3,1956.5,32.54,5.0
2025-06-02T22:12:08.133172,981,9508.37,7842.0,2052.0,1958.0,32.59,5.0
2025-06-02T22:12:09.135566,982,9510.12,7842.0,2052.15,1958.0,32.56,5.0
2025-06-02T22:12:12.143976,983,9506.45,7842.0,2051.98,1958.0,32.55,5.0
2025-06-02T22:12:14.148076,984,9496.79,7826.0,2051.35,1956.5,32.52,5.0
2025-06-02T22:12:15.152591,985,9488.43,7810.0,2050.0,1955.0,32.48,5.0
2025-06-02T22:12:19.161204,986,9478.83,7810.0,2048.66,1955.0,32.45,5.0
2025-06-02T22:12:20.164521,987,9478.75,7810.0,2048.5,1955.0,32.51,5.0
2025-06-02T22:12:23.174968,988,9479.19,7826.0,2049.56,1955.0,32.48,5.0
2025-06-02T22:12:26.186325,989,9475.08,7810.0,2049.83,1955.0,32.45,5.0
2025-06-02T22:12:27.190235,990,9467.8,7810.0,2049.79,1956.5,32.42,5.0
2025-06-02T22:12:28.191442,991,9480.83,7810.0,2048.86,1955.0,32.44,5.0
2025-06-02T22:12:29.194672,992,9473.89,7810.0,2048.85,1956.5,32.41,5.0
2025-06-02T22:12:30.197501,993,9468.84,7810.0,2048.58,1955.0,32.37,5.0
2025-06-02T22:12:32.201153,994,9466.94,7772.0,2049.45,1956.5,32.34,5.0
2025-06-02T22:12:33.204846,995,9469.75,7810.0,2049.27,1955.0,32.36,5.0
2025-06-02T22:12:39.218780,996,9460.24,7772.0,2047.21,1955.0,32.33,5.0
2025-06-02T22:12:40.222862,997,9469.51,7810.0,2048.7,1955.0,32.36,5.0
2025-06-02T22:12:42.229883,998,9462.26,7772.0,2048.99,1956.5,32.33,5.0
2025-06-02T22:12:43.231002,999,9476.5,7810.0,2048.53,1955.0,32.36,5.0
2025-06-02T22:12:44.236349,1000,9482.29,7810.0,2050.35,1956.5,32.43,5.0
2025-06-02T22:12:45.241184,1001,9474.36,7810.0,2049.6,1955.0,32.4,5.0
2025-06-02T22:12:47.247925,1002,9481.88,7810.0,2049.53,1956.5,32.5,5.0
2025-06-02T22:12:48.250610,1003,9482.33,7810.0,2049.5,1958.0,32.5,5.0
2025-06-02T22:12:49.252830,1004,9477.23,7810.0,2049.94,1958.0,32.48,5.0
2025-06-02T22:12:51.258920,1005,9485.96,7810.0,2050.9,1958.0,32.52,5.0
2025-06-02T22:12:53.264904,1006,9478.79,7810.0,2050.86,1959.5,32.49,5.0
2025-06-02T22:12:55.271008,1007,9481.72,7810.0,2050.69,1958.0,32.49,5.0
2025-06-02T22:12:57.277340,1008,9473.57,7810.0,2049.37,1958.0,32.45,5.0
2025-06-02T22:13:01.288358,1009,9470.03,7810.0,2049.2,1958.0,32.44,5.0
2025-06-02T22:13:02.293231,1010,9463.45,7772.0,2049.6,1958.0,32.41,5.0
2025-06-02T22:13:06.321432,1011,9456.44,7734.0,2049.94,1958.0,32.38,5.0
2025-06-02T22:13:07.310533,1012,9465.42,7772.0,2049.88,1959.5,32.47,5.0
2025-06-02T22:13:08.311838,1013,9456.08,7734.0,2049.18,1958.0,32.44,5.0
2025-06-02T22:13:09.312019,1014,9468.43,7772.0,2049.01,1958.0,32.41,5.0
2025-06-02T22:13:11.321286,1015,9469.41,7810.0,2048.98,1958.0,32.38,5.0
